itemId,res,levelRequire,equipType,equipPos,quality,equipHole,maxStar,effect,equipSet,materialExp,resID,staticAttrType1,staticAttrValMin1,staticAttrValMax1,staticAttrType2,staticAttrValMin2,staticAttrValMax2,staticAttrType3,staticAttrValMin3,staticAttrValMax3,randomRuleId1,randomRuleId2,randomRuleId3,randomRuleId4,randomRuleId5,refreshcoin,refreshstone
10011101,1,1,1,1,1,1,1,,,10,1,4,100,150,6,100,150,,,,,,,,,,
10011102,2,1,1,1,1,1,1,,,10,2,4,100,150,6,100,150,,,,,,,,,,
10011103,3,1,1,1,1,1,1,,,10,3,4,100,150,6,100,150,,,,,,,,,,
10011104,4,1,2,2,1,1,1,,1111,10,4,1,3000,4500,,,,,,,,,,,,,
10011105,5,1,2,3,1,1,1,,1111,10,5,5,70,105,,,,,,,,,,,,,
10011106,6,1,2,4,1,1,1,,1111,10,6,27,100,200,29,100,200,30,100,200,,,,,,,
10011107,7,1,2,5,1,1,1,,1111,10,7,7,70,105,,,,,,,,,,,,,
10011108,8,1,2,6,1,1,1,,1111,10,8,13,1,10,,,,,,,,,,,,,
10011109,9,1,3,7,1,1,1,,1112,10,9,2,300,450,,,,,,,,,,,,,
10011110,10,1,3,8,1,1,1,,1112,10,10,3,300,450,,,,,,,,,,,,,
10011111,11,1,3,7,1,1,1,,1113,10,11,11,1,2,,,,,,,,,,,,,
10011112,12,1,3,8,1,1,1,,1113,10,12,16,1,5,,,,,,,,,,,,,
10011113,13,1,3,7,1,1,1,,1114,10,13,9,5,10,,,,,,,,,,,,,
10011114,14,1,3,8,1,1,1,,1114,10,14,10,5,10,,,,,,,,,,,,,
10011201,15,1,1,1,2,2,2,,,20,15,4,120,180,6,120,180,0,0,0,12,11,,,,,
10011202,16,1,1,1,2,2,2,,,20,16,4,120,180,6,120,180,0,0,0,12,11,,,,,
10011203,17,1,1,1,2,2,2,,,20,17,4,120,180,6,120,180,0,0,0,12,11,,,,,
10011204,18,1,2,2,2,2,2,,1121,20,18,1,3600,5400,0,0,0,0,0,0,12,11,,,,,
10011205,19,1,2,3,2,2,2,,1121,20,19,5,84,126,0,0,0,0,0,0,12,11,,,,,
10011206,20,1,2,4,2,2,2,,1121,20,20,27,120,240,29,120,240,30,120,240,12,11,,,,,
10011207,21,1,2,5,2,2,2,,1121,20,21,7,84,126,0,0,0,0,0,0,12,11,,,,,
10011208,22,1,2,6,2,2,2,,1121,20,22,13,1,12,0,0,0,0,0,0,12,11,,,,,
10011209,23,1,3,7,2,2,2,,1122,20,23,2,360,540,0,0,0,0,0,0,12,11,,,,,
10011210,24,1,3,8,2,2,2,,1122,20,24,3,360,540,0,0,0,0,0,0,12,11,,,,,
10011211,25,1,3,7,2,2,2,,1123,20,25,11,1,2,0,0,0,0,0,0,12,11,,,,,
10011212,26,1,3,8,2,2,2,,1123,20,26,16,1,6,0,0,0,0,0,0,12,11,,,,,
10011213,27,1,3,7,2,2,2,,1124,20,27,9,6,12,0,0,0,0,0,0,12,11,,,,,
10011214,28,1,3,8,2,2,2,,1124,20,28,10,6,12,0,0,0,0,0,0,12,11,,,,,
10011301,29,1,1,1,3,3,3,,,30,29,4,150,225,6,150,225,0,0,0,13,11,,,,300,3
10011302,30,1,1,1,3,3,3,,,30,30,4,150,225,6,150,225,0,0,0,13,11,,,,300,3
10011303,31,1,1,1,3,3,3,,,30,31,4,150,225,6,150,225,0,0,0,13,11,,,,300,3
10011304,32,1,2,2,3,3,3,,1131,30,32,1,4500,6750,0,0,0,0,0,0,13,11,,,,100,1
10011305,33,1,2,3,3,3,3,,1131,30,33,5,105,157,0,0,0,0,0,0,13,11,,,,100,1
10011306,34,1,2,4,3,3,3,,1131,30,34,27,150,300,29,150,300,30,150,300,13,11,,,,100,1
10011307,35,1,2,5,3,3,3,,1131,30,35,7,105,157,0,0,0,0,0,0,13,11,,,,100,1
10011308,36,1,2,6,3,3,3,,1131,30,36,13,1,15,0,0,0,0,0,0,13,11,,,,100,1
10011309,37,1,3,7,3,3,3,,1132,30,37,2,450,675,0,0,0,0,0,0,13,11,,,,200,2
10011310,38,1,3,8,3,3,3,,1132,30,38,3,450,675,0,0,0,0,0,0,13,11,,,,200,2
10011311,39,1,3,7,3,3,3,,1133,30,39,11,1,3,0,0,0,0,0,0,13,11,,,,200,2
10011312,40,1,3,8,3,3,3,,1133,30,40,16,1,7,0,0,0,0,0,0,13,11,,,,200,2
10011313,41,1,3,7,3,3,3,,1134,30,41,9,7,15,0,0,0,0,0,0,13,11,,,,200,2
10011314,42,1,3,8,3,3,3,,1134,30,42,10,7,15,0,0,0,0,0,0,13,11,,,,200,2
10011401,43,1,1,1,4,4,4,,,40,43,4,200,300,6,200,300,0,0,0,14,12,,,,300,3
10011402,44,1,1,1,4,4,4,,,40,44,4,200,300,6,200,300,0,0,0,14,12,,,,300,3
10011403,45,1,1,1,4,4,4,,,40,45,4,200,300,6,200,300,0,0,0,14,12,,,,300,3
10011404,46,1,2,2,4,4,4,,1141,40,46,1,6000,9000,0,0,0,0,0,0,14,12,,,,100,1
10011405,47,1,2,3,4,4,4,,1141,40,47,5,140,210,0,0,0,0,0,0,14,12,,,,100,1
10011406,48,1,2,4,4,4,4,,1141,40,48,27,200,400,29,200,400,30,200,400,14,12,,,,100,1
10011407,49,1,2,5,4,4,4,,1141,40,49,7,140,210,0,0,0,0,0,0,14,12,,,,100,1
10011408,50,1,2,6,4,4,4,,1141,40,50,13,2,20,0,0,0,0,0,0,14,12,,,,100,1
10011409,51,1,3,7,4,4,4,,1142,40,51,2,600,900,0,0,0,0,0,0,14,12,,,,200,2
10011410,52,1,3,8,4,4,4,,1142,40,52,3,600,900,0,0,0,0,0,0,14,12,,,,200,2
10011411,53,1,3,7,4,4,4,,1143,40,53,11,2,4,0,0,0,0,0,0,14,12,,,,200,2
10011412,54,1,3,8,4,4,4,,1143,40,54,16,2,10,0,0,0,0,0,0,14,12,,,,200,2
10011413,55,1,3,7,4,4,4,,1144,40,55,9,10,20,0,0,0,0,0,0,14,12,,,,200,2
10011414,56,1,3,8,4,4,4,,1144,40,56,10,10,20,0,0,0,0,0,0,14,12,,,,200,2
10011501,57,1,1,1,5,5,5,,,50,57,4,280,420,6,280,420,0,0,0,15,13,,,,300,3
10011502,58,1,1,1,5,5,5,,,50,58,4,280,420,6,280,420,0,0,0,15,13,,,,300,3
10011503,59,1,1,1,5,5,5,,,50,59,4,280,420,6,280,420,0,0,0,15,13,,,,300,3
10011504,60,1,2,2,5,5,5,,1151,50,60,1,8400,12600,0,0,0,0,0,0,15,13,,,,100,1
10011505,61,1,2,3,5,5,5,,1151,50,61,5,196,294,0,0,0,0,0,0,15,13,,,,100,1
10011506,62,1,2,4,5,5,5,,1151,50,62,27,280,560,29,280,560,30,280,560,15,13,,,,100,1
10011507,63,1,2,5,5,5,5,,1151,50,63,7,196,294,0,0,0,0,0,0,15,13,,,,100,1
10011508,64,1,2,6,5,5,5,,1151,50,64,13,2,28,0,0,0,0,0,0,15,13,,,,100,1
10011509,65,1,3,7,5,5,5,,1152,50,65,2,840,1260,0,0,0,0,0,0,15,13,,,,200,2
10011510,66,1,3,8,5,5,5,,1152,50,66,3,840,1260,0,0,0,0,0,0,15,13,,,,200,2
10011511,67,1,3,7,5,5,5,,1153,50,67,11,2,5,0,0,0,0,0,0,15,13,,,,200,2
10011512,68,1,3,8,5,5,5,,1153,50,68,16,2,14,0,0,0,0,0,0,15,13,,,,200,2
10011513,69,1,3,7,5,5,5,,1154,50,69,9,14,28,0,0,0,0,0,0,15,13,,,,200,2
10011514,70,1,3,8,5,5,5,,1154,50,70,10,14,28,0,0,0,0,0,0,15,13,,,,200,2
10101101,71,10,1,1,1,1,1,,,30,71,4,120,180,6,120,180,0,0,0,,,,,,,
10101102,72,10,1,1,1,1,1,,,30,72,4,120,180,6,120,180,0,0,0,,,,,,,
10101103,73,10,1,1,1,1,1,,,30,73,4,120,180,6,120,180,0,0,0,,,,,,,
10101104,74,10,2,2,1,1,1,,10111,30,74,1,3600,5400,0,0,0,0,0,0,,,,,,,
10101105,75,10,2,3,1,1,1,,10111,30,75,5,84,126,0,0,0,0,0,0,,,,,,,
10101106,76,10,2,4,1,1,1,,10111,30,76,27,120,240,29,120,240,30,120,240,,,,,,,
10101107,77,10,2,5,1,1,1,,10111,30,77,7,84,126,0,0,0,0,0,0,,,,,,,
10101108,78,10,2,6,1,1,1,,10111,30,78,13,1,12,0,0,0,0,0,0,,,,,,,
10101109,79,10,3,7,1,1,1,,10112,30,79,2,360,540,0,0,0,0,0,0,,,,,,,
10101110,80,10,3,8,1,1,1,,10112,30,80,3,360,540,0,0,0,0,0,0,,,,,,,
10101111,81,10,3,7,1,1,1,,10113,30,81,11,1,2,0,0,0,0,0,0,,,,,,,
10101112,82,10,3,8,1,1,1,,10113,30,82,16,1,6,0,0,0,0,0,0,,,,,,,
10101113,83,10,3,7,1,1,1,,10114,30,83,9,6,12,0,0,0,0,0,0,,,,,,,
10101114,84,10,3,8,1,1,1,,10114,30,84,10,6,12,0,0,0,0,0,0,,,,,,,
10101201,85,10,1,1,2,2,2,,,60,85,4,144,216,6,144,216,0,0,0,102,101,,,,,
10101202,86,10,1,1,2,2,2,,,60,86,4,144,216,6,144,216,0,0,0,102,101,,,,,
10101203,87,10,1,1,2,2,2,,,60,87,4,144,216,6,144,216,0,0,0,102,101,,,,,
10101204,88,10,2,2,2,2,2,,10121,60,88,1,4320,6480,0,0,0,0,0,0,102,101,,,,,
10101205,89,10,2,3,2,2,2,,10121,60,89,5,100,151,0,0,0,0,0,0,102,101,,,,,
10101206,90,10,2,4,2,2,2,,10121,60,90,27,144,288,29,144,288,30,144,288,102,101,,,,,
10101207,91,10,2,5,2,2,2,,10121,60,91,7,100,151,0,0,0,0,0,0,102,101,,,,,
10101208,92,10,2,6,2,2,2,,10121,60,92,13,1,14,0,0,0,0,0,0,102,101,,,,,
10101209,93,10,3,7,2,2,2,,10122,60,93,2,432,648,0,0,0,0,0,0,102,101,,,,,
10101210,94,10,3,8,2,2,2,,10122,60,94,3,432,648,0,0,0,0,0,0,102,101,,,,,
10101211,95,10,3,7,2,2,2,,10123,60,95,11,1,2,0,0,0,0,0,0,102,101,,,,,
10101212,96,10,3,8,2,2,2,,10123,60,96,16,1,7,0,0,0,0,0,0,102,101,,,,,
10101213,97,10,3,7,2,2,2,,10124,60,97,9,7,14,0,0,0,0,0,0,102,101,,,,,
10101214,98,10,3,8,2,2,2,,10124,60,98,10,7,14,0,0,0,0,0,0,102,101,,,,,
10101301,99,10,1,1,3,3,3,,,90,99,4,180,270,6,180,270,0,0,0,103,101,,,,360,3
10101302,100,10,1,1,3,3,3,,,90,100,4,180,270,6,180,270,0,0,0,103,101,,,,360,3
10101303,101,10,1,1,3,3,3,,,90,101,4,180,270,6,180,270,0,0,0,103,101,,,,360,3
10101304,102,10,2,2,3,3,3,,10131,90,102,1,5400,8100,0,0,0,0,0,0,103,101,,,,120,1
10101305,103,10,2,3,3,3,3,,10131,90,103,5,126,188,0,0,0,0,0,0,103,101,,,,120,1
10101306,104,10,2,4,3,3,3,,10131,90,104,27,180,360,29,180,360,30,180,360,103,101,,,,120,1
10101307,105,10,2,5,3,3,3,,10131,90,105,7,126,188,0,0,0,0,0,0,103,101,,,,120,1
10101308,106,10,2,6,3,3,3,,10131,90,106,13,1,18,0,0,0,0,0,0,103,101,,,,120,1
10101309,107,10,3,7,3,3,3,,10132,90,107,2,540,810,0,0,0,0,0,0,103,101,,,,240,2
10101310,108,10,3,8,3,3,3,,10132,90,108,3,540,810,0,0,0,0,0,0,103,101,,,,240,2
10101311,109,10,3,7,3,3,3,,10133,90,109,11,1,3,0,0,0,0,0,0,103,101,,,,240,2
10101312,110,10,3,8,3,3,3,,10133,90,110,16,1,8,0,0,0,0,0,0,103,101,,,,240,2
10101313,111,10,3,7,3,3,3,,10134,90,111,9,8,18,0,0,0,0,0,0,103,101,,,,240,2
10101314,112,10,3,8,3,3,3,,10134,90,112,10,8,18,0,0,0,0,0,0,103,101,,,,240,2
10101401,113,10,1,1,4,4,4,,,130,113,4,240,360,6,240,360,0,0,0,104,102,,,,360,3
10101402,114,10,1,1,4,4,4,,,130,114,4,240,360,6,240,360,0,0,0,104,102,,,,360,3
10101403,115,10,1,1,4,4,4,,,130,115,4,240,360,6,240,360,0,0,0,104,102,,,,360,3
10101404,116,10,2,2,4,4,4,,10141,130,116,1,7200,10800,0,0,0,0,0,0,104,102,,,,120,1
10101405,117,10,2,3,4,4,4,,10141,130,117,5,168,252,0,0,0,0,0,0,104,102,,,,120,1
10101406,118,10,2,4,4,4,4,,10141,130,118,27,240,480,29,240,480,30,240,480,104,102,,,,120,1
10101407,119,10,2,5,4,4,4,,10141,130,119,7,168,252,0,0,0,0,0,0,104,102,,,,120,1
10101408,120,10,2,6,4,4,4,,10141,130,120,13,2,24,0,0,0,0,0,0,104,102,,,,120,1
10101409,121,10,3,7,4,4,4,,10142,130,121,2,720,1080,0,0,0,0,0,0,104,102,,,,240,2
10101410,122,10,3,8,4,4,4,,10142,130,122,3,720,1080,0,0,0,0,0,0,104,102,,,,240,2
10101411,123,10,3,7,4,4,4,,10143,130,123,11,2,4,0,0,0,0,0,0,104,102,,,,240,2
10101412,124,10,3,8,4,4,4,,10143,130,124,16,2,12,0,0,0,0,0,0,104,102,,,,240,2
10101413,125,10,3,7,4,4,4,,10144,130,125,9,12,24,0,0,0,0,0,0,104,102,,,,240,2
10101414,126,10,3,8,4,4,4,,10144,130,126,10,12,24,0,0,0,0,0,0,104,102,,,,240,2
10101501,127,10,1,1,5,5,5,,,160,127,4,336,504,6,336,504,0,0,0,105,105,,,,360,3
10101502,128,10,1,1,5,5,5,,,160,128,4,336,504,6,336,504,0,0,0,105,103,,,,360,3
10101503,129,10,1,1,5,5,5,,,160,129,4,336,504,6,336,504,0,0,0,105,103,,,,360,3
10101504,130,10,2,2,5,5,5,,10151,160,130,1,10080,15120,0,0,0,0,0,0,105,103,,,,120,1
10101505,131,10,2,3,5,5,5,,10151,160,131,5,235,352,0,0,0,0,0,0,105,103,,,,120,1
10101506,132,10,2,4,5,5,5,,10151,160,132,27,336,672,29,336,672,30,336,672,105,103,,,,120,1
10101507,133,10,2,5,5,5,5,,10151,160,133,7,235,352,0,0,0,0,0,0,105,103,,,,120,1
10101508,134,10,2,6,5,5,5,,10151,160,134,13,2,33,0,0,0,0,0,0,105,103,,,,120,1
10101509,135,10,3,7,5,5,5,,10152,160,135,2,1008,1512,0,0,0,0,0,0,105,103,,,,240,2
10101510,136,10,3,8,5,5,5,,10152,160,136,3,1008,1512,0,0,0,0,0,0,105,103,,,,240,2
10101511,137,10,3,7,5,5,5,,10153,160,137,11,2,6,0,0,0,0,0,0,105,103,,,,240,2
10101512,138,10,3,8,5,5,5,,10153,160,138,16,2,16,0,0,0,0,0,0,105,103,,,,240,2
10101513,139,10,3,7,5,5,5,,10154,160,139,9,16,33,0,0,0,0,0,0,105,103,,,,240,2
10101514,140,10,3,8,5,5,5,,10154,160,140,10,16,33,0,0,0,0,0,0,105,103,,,,240,2
10151101,141,15,1,1,1,1,1,,,40,141,4,144,216,6,144,216,0,0,0,,,,,,,
10151102,142,15,1,1,1,1,1,,,40,142,4,144,216,6,144,216,0,0,0,,,,,,,
10151103,143,15,1,1,1,1,1,,,40,143,4,144,216,6,144,216,0,0,0,,,,,,,
10151104,144,15,2,2,1,1,1,,15111,40,144,1,4320,6480,0,0,0,0,0,0,,,,,,,
10151105,145,15,2,3,1,1,1,,15111,40,145,5,100,151,0,0,0,0,0,0,,,,,,,
10151106,146,15,2,4,1,1,1,,15111,40,146,27,144,288,29,144,288,30,144,288,,,,,,,
10151107,147,15,2,5,1,1,1,,15111,40,147,7,100,151,0,0,0,0,0,0,,,,,,,
10151108,148,15,2,6,1,1,1,,15111,40,148,13,1,14,0,0,0,0,0,0,,,,,,,
10151109,149,15,3,7,1,1,1,,15112,40,149,2,432,648,0,0,0,0,0,0,,,,,,,
10151110,150,15,3,8,1,1,1,,15112,40,150,3,432,648,0,0,0,0,0,0,,,,,,,
10151111,151,15,3,7,1,1,1,,15113,40,151,11,1,2,0,0,0,0,0,0,,,,,,,
10151112,152,15,3,8,1,1,1,,15113,40,152,16,1,7,0,0,0,0,0,0,,,,,,,
10151113,153,15,3,7,1,1,1,,15114,40,153,9,7,14,0,0,0,0,0,0,,,,,,,
10151114,154,15,3,8,1,1,1,,15114,40,154,10,7,14,0,0,0,0,0,0,,,,,,,
10151201,155,15,1,1,2,2,2,,,80,155,4,172,259,6,172,259,0,0,0,152,151,,,,,
10151202,156,15,1,1,2,2,2,,,80,156,4,172,259,6,172,259,0,0,0,152,151,,,,,
10151203,157,15,1,1,2,2,2,,,80,157,4,172,259,6,172,259,0,0,0,152,151,,,,,
10151204,158,15,2,2,2,2,2,,15121,80,158,1,5184,7776,0,0,0,0,0,0,152,151,,,,,
10151205,159,15,2,3,2,2,2,,15121,80,159,5,120,181,0,0,0,0,0,0,152,151,,,,,
10151206,160,15,2,4,2,2,2,,15121,80,160,27,172,345,29,172,345,30,172,345,152,151,,,,,
10151207,161,15,2,5,2,2,2,,15121,80,161,7,120,181,0,0,0,0,0,0,152,151,,,,,
10151208,162,15,2,6,2,2,2,,15121,80,162,13,1,16,0,0,0,0,0,0,152,151,,,,,
10151209,163,15,3,7,2,2,2,,15122,80,163,2,518,777,0,0,0,0,0,0,152,151,,,,,
10151210,164,15,3,8,2,2,2,,15122,80,164,3,518,777,0,0,0,0,0,0,152,151,,,,,
10151211,165,15,3,7,2,2,2,,15123,80,165,11,1,2,0,0,0,0,0,0,152,151,,,,,
10151212,166,15,3,8,2,2,2,,15123,80,166,16,1,8,0,0,0,0,0,0,152,151,,,,,
10151213,167,15,3,7,2,2,2,,15124,80,167,9,8,16,0,0,0,0,0,0,152,151,,,,,
10151214,168,15,3,8,2,2,2,,15124,80,168,10,8,16,0,0,0,0,0,0,152,151,,,,,
10151301,169,15,1,1,3,3,3,,,120,169,4,216,324,6,216,324,0,0,0,153,151,,,,432,4
10151302,170,15,1,1,3,3,3,,,120,170,4,216,324,6,216,324,0,0,0,153,151,,,,432,4
10151303,171,15,1,1,3,3,3,,,120,171,4,216,324,6,216,324,0,0,0,153,151,,,,432,4
10151304,172,15,2,2,3,3,3,,15131,120,172,1,6480,9720,0,0,0,0,0,0,153,151,,,,144,1
10151305,173,15,2,3,3,3,3,,15131,120,173,5,151,225,0,0,0,0,0,0,153,151,,,,144,1
10151306,174,15,2,4,3,3,3,,15131,120,174,27,216,432,29,216,432,30,216,432,153,151,,,,144,1
10151307,175,15,2,5,3,3,3,,15131,120,175,7,151,225,0,0,0,0,0,0,153,151,,,,144,1
10151308,176,15,2,6,3,3,3,,15131,120,176,13,1,21,0,0,0,0,0,0,153,151,,,,144,1
10151309,177,15,3,7,3,3,3,,15132,120,177,2,648,972,0,0,0,0,0,0,153,151,,,,288,2
10151310,178,15,3,8,3,3,3,,15132,120,178,3,648,972,0,0,0,0,0,0,153,151,,,,288,2
10151311,179,15,3,7,3,3,3,,15133,120,179,11,1,3,0,0,0,0,0,0,153,151,,,,288,2
10151312,180,15,3,8,3,3,3,,15133,120,180,16,1,9,0,0,0,0,0,0,153,151,,,,288,2
10151313,181,15,3,7,3,3,3,,15134,120,181,9,9,21,0,0,0,0,0,0,153,151,,,,288,2
10151314,182,15,3,8,3,3,3,,15134,120,182,10,9,21,0,0,0,0,0,0,153,151,,,,288,2
10151401,183,15,1,1,4,4,4,,,150,183,4,288,432,6,288,432,0,0,0,154,152,,,,432,4
10151402,184,15,1,1,4,4,4,,,150,184,4,288,432,6,288,432,0,0,0,154,152,,,,432,4
10151403,185,15,1,1,4,4,4,,,150,185,4,288,432,6,288,432,0,0,0,154,152,,,,432,4
10151404,186,15,2,2,4,4,4,,15141,150,186,1,8640,12960,0,0,0,0,0,0,154,152,,,,144,1
10151405,187,15,2,3,4,4,4,,15141,150,187,5,201,302,0,0,0,0,0,0,154,152,,,,144,1
10151406,188,15,2,4,4,4,4,,15141,150,188,27,288,576,29,288,576,30,288,576,154,152,,,,144,1
10151407,189,15,2,5,4,4,4,,15141,150,189,7,201,302,0,0,0,0,0,0,154,152,,,,144,1
10151408,190,15,2,6,4,4,4,,15141,150,190,13,2,28,0,0,0,0,0,0,154,152,,,,144,1
10151409,191,15,3,7,4,4,4,,15142,150,191,2,864,1296,0,0,0,0,0,0,154,152,,,,288,2
10151410,192,15,3,8,4,4,4,,15142,150,192,3,864,1296,0,0,0,0,0,0,154,152,,,,288,2
10151411,193,15,3,7,4,4,4,,15143,150,193,11,2,4,0,0,0,0,0,0,154,152,,,,288,2
10151412,194,15,3,8,4,4,4,,15143,150,194,16,2,14,0,0,0,0,0,0,154,152,,,,288,2
10151413,195,15,3,7,4,4,4,,15144,150,195,9,14,28,0,0,0,0,0,0,154,152,,,,288,2
10151414,196,15,3,8,4,4,4,,15144,150,196,10,14,28,0,0,0,0,0,0,154,152,,,,288,2
10151501,197,15,1,1,5,5,5,,,190,197,4,403,604,6,403,604,0,0,0,155,153,,,,432,4
10151502,198,15,1,1,5,5,5,,,190,198,4,403,604,6,403,604,0,0,0,155,153,,,,432,4
10151503,199,15,1,1,5,5,5,,,190,199,4,403,604,6,403,604,0,0,0,155,153,,,,432,4
10151504,200,15,2,2,5,5,5,,15151,190,200,1,12096,18144,0,0,0,0,0,0,155,153,,,,144,1
10151505,201,15,2,3,5,5,5,,15151,190,201,5,282,422,0,0,0,0,0,0,155,153,,,,144,1
10151506,202,15,2,4,5,5,5,,15151,190,202,27,403,806,29,403,806,30,403,806,155,153,,,,144,1
10151507,203,15,2,5,5,5,5,,15151,190,203,7,282,422,0,0,0,0,0,0,155,153,,,,144,1
10151508,204,15,2,6,5,5,5,,15151,190,204,13,2,39,0,0,0,0,0,0,155,153,,,,144,1
10151509,205,15,3,7,5,5,5,,15152,190,205,2,1209,1814,0,0,0,0,0,0,155,153,,,,288,2
10151510,206,15,3,8,5,5,5,,15152,190,206,3,1209,1814,0,0,0,0,0,0,155,153,,,,288,2
10151511,207,15,3,7,5,5,5,,15153,190,207,11,2,7,0,0,0,0,0,0,155,153,,,,288,2
10151512,208,15,3,8,5,5,5,,15153,190,208,16,2,19,0,0,0,0,0,0,155,153,,,,288,2
10151513,209,15,3,7,5,5,5,,15154,190,209,9,19,39,0,0,0,0,0,0,155,153,,,,288,2
10151514,210,15,3,8,5,5,5,,15154,190,210,10,19,39,0,0,0,0,0,0,155,153,,,,288,2
10201101,211,20,1,1,1,1,1,,,40,211,4,172,259,6,172,259,0,0,0,,,,,,,
10201102,212,20,1,1,1,1,1,,,40,212,4,172,259,6,172,259,0,0,0,,,,,,,
10201103,213,20,1,1,1,1,1,,,40,213,4,172,259,6,172,259,0,0,0,,,,,,,
10201104,214,20,2,2,1,1,1,,20111,40,214,1,5184,7776,0,0,0,0,0,0,,,,,,,
10201105,215,20,2,3,1,1,1,,20111,40,215,5,120,181,0,0,0,0,0,0,,,,,,,
10201106,216,20,2,4,1,1,1,,20111,40,216,27,172,345,29,172,345,30,172,345,,,,,,,
10201107,217,20,2,5,1,1,1,,20111,40,217,7,120,181,0,0,0,0,0,0,,,,,,,
10201108,218,20,2,6,1,1,1,,20111,40,218,13,1,16,0,0,0,0,0,0,,,,,,,
10201109,219,20,3,7,1,1,1,,20112,40,219,2,518,777,0,0,0,0,0,0,,,,,,,
10201110,220,20,3,8,1,1,1,,20112,40,220,3,518,777,0,0,0,0,0,0,,,,,,,
10201111,221,20,3,7,1,1,1,,20113,40,221,11,1,2,0,0,0,0,0,0,,,,,,,
10201112,222,20,3,8,1,1,1,,20113,40,222,16,1,8,0,0,0,0,0,0,,,,,,,
10201113,223,20,3,7,1,1,1,,20114,40,223,9,8,16,0,0,0,0,0,0,,,,,,,
10201114,224,20,3,8,1,1,1,,20114,40,224,10,8,16,0,0,0,0,0,0,,,,,,,
10201201,225,20,1,1,2,2,2,,,90,225,4,206,310,6,206,310,0,0,0,202,201,,,,,
10201202,226,20,1,1,2,2,2,,,90,226,4,206,310,6,206,310,0,0,0,202,201,,,,,
10201203,227,20,1,1,2,2,2,,,90,227,4,206,310,6,206,310,0,0,0,202,201,,,,,
10201204,228,20,2,2,2,2,2,,20121,90,228,1,6220,9331,0,0,0,0,0,0,202,201,,,,,
10201205,229,20,2,3,2,2,2,,20121,90,229,5,144,217,0,0,0,0,0,0,202,201,,,,,
10201206,230,20,2,4,2,2,2,,20121,90,230,27,206,414,29,206,414,30,206,414,202,201,,,,,
10201207,231,20,2,5,2,2,2,,20121,90,231,7,144,217,0,0,0,0,0,0,202,201,,,,,
10201208,232,20,2,6,2,2,2,,20121,90,232,13,1,19,0,0,0,0,0,0,202,201,,,,,
10201209,233,20,3,7,2,2,2,,20122,90,233,2,621,932,0,0,0,0,0,0,202,201,,,,,
10201210,234,20,3,8,2,2,2,,20122,90,234,3,621,932,0,0,0,0,0,0,202,201,,,,,
10201211,235,20,3,7,2,2,2,,20123,90,235,11,1,2,0,0,0,0,0,0,202,201,,,,,
10201212,236,20,3,8,2,2,2,,20123,90,236,16,1,9,0,0,0,0,0,0,202,201,,,,,
10201213,237,20,3,7,2,2,2,,20124,90,237,9,9,19,0,0,0,0,0,0,202,201,,,,,
10201214,238,20,3,8,2,2,2,,20124,90,238,10,9,19,0,0,0,0,0,0,202,201,,,,,
10201301,239,20,1,1,3,3,3,,,130,239,4,259,388,6,259,388,0,0,0,203,201,,,,518,5
10201302,240,20,1,1,3,3,3,,,130,240,4,259,388,6,259,388,0,0,0,203,201,,,,518,5
10201303,241,20,1,1,3,3,3,,,130,241,4,259,388,6,259,388,0,0,0,203,201,,,,518,5
10201304,242,20,2,2,3,3,3,,20131,130,242,1,7776,11664,0,0,0,0,0,0,203,201,,,,172,1
10201305,243,20,2,3,3,3,3,,20131,130,243,5,181,270,0,0,0,0,0,0,203,201,,,,172,1
10201306,244,20,2,4,3,3,3,,20131,130,244,27,259,518,29,259,518,30,259,518,203,201,,,,172,1
10201307,245,20,2,5,3,3,3,,20131,130,245,7,181,270,0,0,0,0,0,0,203,201,,,,172,1
10201308,246,20,2,6,3,3,3,,20131,130,246,13,1,25,0,0,0,0,0,0,203,201,,,,172,1
10201309,247,20,3,7,3,3,3,,20132,130,247,2,777,1166,0,0,0,0,0,0,203,201,,,,345,3
10201310,248,20,3,8,3,3,3,,20132,130,248,3,777,1166,0,0,0,0,0,0,203,201,,,,345,3
10201311,249,20,3,7,3,3,3,,20133,130,249,11,1,3,0,0,0,0,0,0,203,201,,,,345,3
10201312,250,20,3,8,3,3,3,,20133,130,250,16,1,10,0,0,0,0,0,0,203,201,,,,345,3
10201313,251,20,3,7,3,3,3,,20134,130,251,9,10,25,0,0,0,0,0,0,203,201,,,,345,3
10201314,252,20,3,8,3,3,3,,20134,130,252,10,10,25,0,0,0,0,0,0,203,201,,,,345,3
10201401,253,20,1,1,4,4,4,,,180,253,4,345,518,6,345,518,0,0,0,204,202,,,,518,5
10201402,254,20,1,1,4,4,4,,,180,254,4,345,518,6,345,518,0,0,0,204,202,,,,518,5
10201403,255,20,1,1,4,4,4,,,180,255,4,345,518,6,345,518,0,0,0,204,202,,,,518,5
10201404,256,20,2,2,4,4,4,,20141,180,256,1,10368,15552,0,0,0,0,0,0,204,202,,,,172,1
10201405,257,20,2,3,4,4,4,,20141,180,257,5,241,362,0,0,0,0,0,0,204,202,,,,172,1
10201406,258,20,2,4,4,4,4,,20141,180,258,27,345,691,29,345,691,30,345,691,204,202,,,,172,1
10201407,259,20,2,5,4,4,4,,20141,180,259,7,241,362,0,0,0,0,0,0,204,202,,,,172,1
10201408,260,20,2,6,4,4,4,,20141,180,260,13,2,33,0,0,0,0,0,0,204,202,,,,172,1
10201409,261,20,3,7,4,4,4,,20142,180,261,2,1036,1555,0,0,0,0,0,0,204,202,,,,345,3
10201410,262,20,3,8,4,4,4,,20142,180,262,3,1036,1555,0,0,0,0,0,0,204,202,,,,345,3
10201411,263,20,3,7,4,4,4,,20143,180,263,11,2,4,0,0,0,0,0,0,204,202,,,,345,3
10201412,264,20,3,8,4,4,4,,20143,180,264,16,2,16,0,0,0,0,0,0,204,202,,,,345,3
10201413,265,20,3,7,4,4,4,,20144,180,265,9,16,33,0,0,0,0,0,0,204,202,,,,345,3
10201414,266,20,3,8,4,4,4,,20144,180,266,10,16,33,0,0,0,0,0,0,204,202,,,,345,3
10201501,267,20,1,1,5,5,5,,,220,267,4,483,724,6,483,724,0,0,0,205,203,,,,518,5
10201502,268,20,1,1,5,5,5,,,220,268,4,483,724,6,483,724,0,0,0,205,203,,,,518,5
10201503,269,20,1,1,5,5,5,,,220,269,4,483,724,6,483,724,0,0,0,205,203,,,,518,5
10201504,270,20,2,2,5,5,5,,20151,220,270,1,14515,21772,0,0,0,0,0,0,205,203,,,,172,1
10201505,271,20,2,3,5,5,5,,20151,220,271,5,338,506,0,0,0,0,0,0,205,203,,,,172,1
10201506,272,20,2,4,5,5,5,,20151,220,272,27,483,967,29,483,967,30,483,967,205,203,,,,172,1
10201507,273,20,2,5,5,5,5,,20151,220,273,7,338,506,0,0,0,0,0,0,205,203,,,,172,1
10201508,274,20,2,6,5,5,5,,20151,220,274,13,2,46,0,0,0,0,0,0,205,203,,,,172,1
10201509,275,20,3,7,5,5,5,,20152,220,275,2,1450,2176,0,0,0,0,0,0,205,203,,,,345,3
10201510,276,20,3,8,5,5,5,,20152,220,276,3,1450,2176,0,0,0,0,0,0,205,203,,,,345,3
10201511,277,20,3,7,5,5,5,,20153,220,277,11,2,8,0,0,0,0,0,0,205,203,,,,345,3
10201512,278,20,3,8,5,5,5,,20153,220,278,16,2,22,0,0,0,0,0,0,205,203,,,,345,3
10201513,279,20,3,7,5,5,5,,20154,220,279,9,22,46,0,0,0,0,0,0,205,203,,,,345,3
10201514,280,20,3,8,5,5,5,,20154,220,280,10,22,46,0,0,0,0,0,0,205,203,,,,345,3
10251101,281,25,1,1,1,1,1,,,50,281,4,206,310,6,206,310,0,0,0,,,,,,,
10251102,282,25,1,1,1,1,1,,,50,282,4,206,310,6,206,310,0,0,0,,,,,,,
10251103,283,25,1,1,1,1,1,,,50,283,4,206,310,6,206,310,0,0,0,,,,,,,
10251104,284,25,2,2,1,1,1,,25111,50,284,1,6220,9331,0,0,0,0,0,0,,,,,,,
10251105,285,25,2,3,1,1,1,,25111,50,285,5,144,217,0,0,0,0,0,0,,,,,,,
10251106,286,25,2,4,1,1,1,,25111,50,286,27,206,414,29,206,414,30,206,414,,,,,,,
10251107,287,25,2,5,1,1,1,,25111,50,287,7,144,217,0,0,0,0,0,0,,,,,,,
10251108,288,25,2,6,1,1,1,,25111,50,288,13,1,19,0,0,0,0,0,0,,,,,,,
10251109,289,25,3,7,1,1,1,,25112,50,289,2,621,932,0,0,0,0,0,0,,,,,,,
10251110,290,25,3,8,1,1,1,,25112,50,290,3,621,932,0,0,0,0,0,0,,,,,,,
10251111,291,25,3,7,1,1,1,,25113,50,291,11,1,2,0,0,0,0,0,0,,,,,,,
10251112,292,25,3,8,1,1,1,,25113,50,292,16,1,9,0,0,0,0,0,0,,,,,,,
10251113,293,25,3,7,1,1,1,,25114,50,293,9,9,19,0,0,0,0,0,0,,,,,,,
10251114,294,25,3,8,1,1,1,,25114,50,294,10,9,19,0,0,0,0,0,0,,,,,,,
10251201,295,25,1,1,2,2,2,,,100,295,4,247,372,6,247,372,0,0,0,252,251,,,,,
10251202,296,25,1,1,2,2,2,,,100,296,4,247,372,6,247,372,0,0,0,252,251,,,,,
10251203,297,25,1,1,2,2,2,,,100,297,4,247,372,6,247,372,0,0,0,252,251,,,,,
10251204,298,25,2,2,2,2,2,,25121,100,298,1,7464,11197,0,0,0,0,0,0,252,251,,,,,
10251205,299,25,2,3,2,2,2,,25121,100,299,5,172,260,0,0,0,0,0,0,252,251,,,,,
10251206,300,25,2,4,2,2,2,,25121,100,300,27,247,496,29,247,496,30,247,496,252,251,,,,,
10251207,301,25,2,5,2,2,2,,25121,100,301,7,172,260,0,0,0,0,0,0,252,251,,,,,
10251208,302,25,2,6,2,2,2,,25121,100,302,13,1,22,0,0,0,0,0,0,252,251,,,,,
10251209,303,25,3,7,2,2,2,,25122,100,303,2,745,1118,0,0,0,0,0,0,252,251,,,,,
10251210,304,25,3,8,2,2,2,,25122,100,304,3,745,1118,0,0,0,0,0,0,252,251,,,,,
10251211,305,25,3,7,2,2,2,,25123,100,305,11,1,2,0,0,0,0,0,0,252,251,,,,,
10251212,306,25,3,8,2,2,2,,25123,100,306,16,1,10,0,0,0,0,0,0,252,251,,,,,
10251213,307,25,3,7,2,2,2,,25124,100,307,9,10,22,0,0,0,0,0,0,252,251,,,,,
10251214,308,25,3,8,2,2,2,,25124,100,308,10,10,22,0,0,0,0,0,0,252,251,,,,,
10251301,309,25,1,1,3,3,3,,,150,309,4,310,465,6,310,465,0,0,0,253,251,,,,621,6
10251302,310,25,1,1,3,3,3,,,150,310,4,310,465,6,310,465,0,0,0,253,251,,,,621,6
10251303,311,25,1,1,3,3,3,,,150,311,4,310,465,6,310,465,0,0,0,253,251,,,,621,6
10251304,312,25,2,2,3,3,3,,25131,150,312,1,9331,13996,0,0,0,0,0,0,253,251,,,,206,2
10251305,313,25,2,3,3,3,3,,25131,150,313,5,217,324,0,0,0,0,0,0,253,251,,,,206,2
10251306,314,25,2,4,3,3,3,,25131,150,314,27,310,621,29,310,621,30,310,621,253,251,,,,206,2
10251307,315,25,2,5,3,3,3,,25131,150,315,7,217,324,0,0,0,0,0,0,253,251,,,,206,2
10251308,316,25,2,6,3,3,3,,25131,150,316,13,1,30,0,0,0,0,0,0,253,251,,,,206,2
10251309,317,25,3,7,3,3,3,,25132,150,317,2,932,1399,0,0,0,0,0,0,253,251,,,,414,4
10251310,318,25,3,8,3,3,3,,25132,150,318,3,932,1399,0,0,0,0,0,0,253,251,,,,414,4
10251311,319,25,3,7,3,3,3,,25133,150,319,11,1,3,0,0,0,0,0,0,253,251,,,,414,4
10251312,320,25,3,8,3,3,3,,25133,150,320,16,1,12,0,0,0,0,0,0,253,251,,,,414,4
10251313,321,25,3,7,3,3,3,,25134,150,321,9,12,30,0,0,0,0,0,0,253,251,,,,414,4
10251314,322,25,3,8,3,3,3,,25134,150,322,10,12,30,0,0,0,0,0,0,253,251,,,,414,4
10251401,323,25,1,1,4,4,4,,,200,323,4,414,621,6,414,621,0,0,0,254,252,,,,621,6
10251402,324,25,1,1,4,4,4,,,200,324,4,414,621,6,414,621,0,0,0,254,252,,,,621,6
10251403,325,25,1,1,4,4,4,,,200,325,4,414,621,6,414,621,0,0,0,254,252,,,,621,6
10251404,326,25,2,2,4,4,4,,25141,200,326,1,12441,18662,0,0,0,0,0,0,254,252,,,,206,2
10251405,327,25,2,3,4,4,4,,25141,200,327,5,289,434,0,0,0,0,0,0,254,252,,,,206,2
10251406,328,25,2,4,4,4,4,,25141,200,328,27,414,829,29,414,829,30,414,829,254,252,,,,206,2
10251407,329,25,2,5,4,4,4,,25141,200,329,7,289,434,0,0,0,0,0,0,254,252,,,,206,2
10251408,330,25,2,6,4,4,4,,25141,200,330,13,2,39,0,0,0,0,0,0,254,252,,,,206,2
10251409,331,25,3,7,4,4,4,,25142,200,331,2,1243,1866,0,0,0,0,0,0,254,252,,,,414,4
10251410,332,25,3,8,4,4,4,,25142,200,332,3,1243,1866,0,0,0,0,0,0,254,252,,,,414,4
10251411,333,25,3,7,4,4,4,,25143,200,333,11,2,4,0,0,0,0,0,0,254,252,,,,414,4
10251412,334,25,3,8,4,4,4,,25143,200,334,16,2,19,0,0,0,0,0,0,254,252,,,,414,4
10251413,335,25,3,7,4,4,4,,25144,200,335,9,19,39,0,0,0,0,0,0,254,252,,,,414,4
10251414,336,25,3,8,4,4,4,,25144,200,336,10,19,39,0,0,0,0,0,0,254,252,,,,414,4
10251501,337,25,1,1,5,5,5,,,250,337,4,579,868,6,579,868,0,0,0,255,253,,,,621,6
10251502,338,25,1,1,5,5,5,,,250,338,4,579,868,6,579,868,0,0,0,255,253,,,,621,6
10251503,339,25,1,1,5,5,5,,,250,339,4,579,868,6,579,868,0,0,0,255,253,,,,621,6
10251504,340,25,2,2,5,5,5,,25151,250,340,1,17418,26126,0,0,0,0,0,0,255,253,,,,206,2
10251505,341,25,2,3,5,5,5,,25151,250,341,5,405,607,0,0,0,0,0,0,255,253,,,,206,2
10251506,342,25,2,4,5,5,5,,25151,250,342,27,579,1160,29,579,1160,30,579,1160,255,253,,,,206,2
10251507,343,25,2,5,5,5,5,,25151,250,343,7,405,607,0,0,0,0,0,0,255,253,,,,206,2
10251508,344,25,2,6,5,5,5,,25151,250,344,13,2,55,0,0,0,0,0,0,255,253,,,,206,2
10251509,345,25,3,7,5,5,5,,25152,250,345,2,1740,2611,0,0,0,0,0,0,255,253,,,,414,4
10251510,346,25,3,8,5,5,5,,25152,250,346,3,1740,2611,0,0,0,0,0,0,255,253,,,,414,4
10251511,347,25,3,7,5,5,5,,25153,250,347,11,2,9,0,0,0,0,0,0,255,253,,,,414,4
10251512,348,25,3,8,5,5,5,,25153,250,348,16,2,26,0,0,0,0,0,0,255,253,,,,414,4
10251513,349,25,3,7,5,5,5,,25154,250,349,9,26,55,0,0,0,0,0,0,255,253,,,,414,4
10251514,350,25,3,8,5,5,5,,25154,250,350,10,26,55,0,0,0,0,0,0,255,253,,,,414,4
10301101,351,30,1,1,1,1,1,,,50,351,4,247,372,6,247,372,0,0,0,,,,,,,
10301102,352,30,1,1,1,1,1,,,50,352,4,247,372,6,247,372,0,0,0,,,,,,,
10301103,353,30,1,1,1,1,1,,,50,353,4,247,372,6,247,372,0,0,0,,,,,,,
10301104,354,30,2,2,1,1,1,,30111,50,354,1,7464,11197,0,0,0,0,0,0,,,,,,,
10301105,355,30,2,3,1,1,1,,30111,50,355,5,172,260,0,0,0,0,0,0,,,,,,,
10301106,356,30,2,4,1,1,1,,30111,50,356,27,247,496,29,247,496,30,247,496,,,,,,,
10301107,357,30,2,5,1,1,1,,30111,50,357,7,172,260,0,0,0,0,0,0,,,,,,,
10301108,358,30,2,6,1,1,1,,30111,50,358,13,1,22,0,0,0,0,0,0,,,,,,,
10301109,359,30,3,7,1,1,1,,30112,50,359,2,745,1118,0,0,0,0,0,0,,,,,,,
10301110,360,30,3,8,1,1,1,,30112,50,360,3,745,1118,0,0,0,0,0,0,,,,,,,
10301111,361,30,3,7,1,1,1,,30113,50,361,11,1,2,0,0,0,0,0,0,,,,,,,
10301112,362,30,3,8,1,1,1,,30113,50,362,16,1,10,0,0,0,0,0,0,,,,,,,
10301113,363,30,3,7,1,1,1,,30114,50,363,9,10,22,0,0,0,0,0,0,,,,,,,
10301114,364,30,3,8,1,1,1,,30114,50,364,10,10,22,0,0,0,0,0,0,,,,,,,
10301201,365,30,1,1,2,2,2,,,110,365,4,296,446,6,296,446,0,0,0,302,301,,,,,
10301202,366,30,1,1,2,2,2,,,110,366,4,296,446,6,296,446,0,0,0,302,301,,,,,
10301203,367,30,1,1,2,2,2,,,110,367,4,296,446,6,296,446,0,0,0,302,301,,,,,
10301204,368,30,2,2,2,2,2,,30121,110,368,1,8956,13436,0,0,0,0,0,0,302,301,,,,,
10301205,369,30,2,3,2,2,2,,30121,110,369,5,206,312,0,0,0,0,0,0,302,301,,,,,
10301206,370,30,2,4,2,2,2,,30121,110,370,27,296,595,29,296,595,30,296,595,302,301,,,,,
10301207,371,30,2,5,2,2,2,,30121,110,371,7,206,312,0,0,0,0,0,0,302,301,,,,,
10301208,372,30,2,6,2,2,2,,30121,110,372,13,1,26,0,0,0,0,0,0,302,301,,,,,
10301209,373,30,3,7,2,2,2,,30122,110,373,2,894,1341,0,0,0,0,0,0,302,301,,,,,
10301210,374,30,3,8,2,2,2,,30122,110,374,3,894,1341,0,0,0,0,0,0,302,301,,,,,
10301211,375,30,3,7,2,2,2,,30123,110,375,11,1,2,0,0,0,0,0,0,302,301,,,,,
10301212,376,30,3,8,2,2,2,,30123,110,376,16,1,12,0,0,0,0,0,0,302,301,,,,,
10301213,377,30,3,7,2,2,2,,30124,110,377,9,12,26,0,0,0,0,0,0,302,301,,,,,
10301214,378,30,3,8,2,2,2,,30124,110,378,10,12,26,0,0,0,0,0,0,302,301,,,,,
10301301,379,30,1,1,3,3,3,,,160,379,4,372,558,6,372,558,0,0,0,303,301,,,,745,7
10301302,380,30,1,1,3,3,3,,,160,380,4,372,558,6,372,558,0,0,0,303,301,,,,745,7
10301303,381,30,1,1,3,3,3,,,160,381,4,372,558,6,372,558,0,0,0,303,301,,,,745,7
10301304,382,30,2,2,3,3,3,,30131,160,382,1,11197,16795,0,0,0,0,0,0,303,301,,,,247,2
10301305,383,30,2,3,3,3,3,,30131,160,383,5,260,388,0,0,0,0,0,0,303,301,,,,247,2
10301306,384,30,2,4,3,3,3,,30131,160,384,27,372,745,29,372,745,30,372,745,303,301,,,,247,2
10301307,385,30,2,5,3,3,3,,30131,160,385,7,260,388,0,0,0,0,0,0,303,301,,,,247,2
10301308,386,30,2,6,3,3,3,,30131,160,386,13,1,36,0,0,0,0,0,0,303,301,,,,247,2
10301309,387,30,3,7,3,3,3,,30132,160,387,2,1118,1678,0,0,0,0,0,0,303,301,,,,496,4
10301310,388,30,3,8,3,3,3,,30132,160,388,3,1118,1678,0,0,0,0,0,0,303,301,,,,496,4
10301311,389,30,3,7,3,3,3,,30133,160,389,11,1,3,0,0,0,0,0,0,303,301,,,,496,4
10301312,390,30,3,8,3,3,3,,30133,160,390,16,1,14,0,0,0,0,0,0,303,301,,,,496,4
10301313,391,30,3,7,3,3,3,,30134,160,391,9,14,36,0,0,0,0,0,0,303,301,,,,496,4
10301314,392,30,3,8,3,3,3,,30134,160,392,10,14,36,0,0,0,0,0,0,303,301,,,,496,4
10301401,393,30,1,1,4,4,4,,,220,393,4,496,745,6,496,745,0,0,0,304,302,,,,745,7
10301402,394,30,1,1,4,4,4,,,220,394,4,496,745,6,496,745,0,0,0,304,302,,,,745,7
10301403,395,30,1,1,4,4,4,,,220,395,4,496,745,6,496,745,0,0,0,304,302,,,,745,7
10301404,396,30,2,2,4,4,4,,30141,220,396,1,14929,22394,0,0,0,0,0,0,304,302,,,,247,2
10301405,397,30,2,3,4,4,4,,30141,220,397,5,346,520,0,0,0,0,0,0,304,302,,,,247,2
10301406,398,30,2,4,4,4,4,,30141,220,398,27,496,994,29,496,994,30,496,994,304,302,,,,247,2
10301407,399,30,2,5,4,4,4,,30141,220,399,7,346,520,0,0,0,0,0,0,304,302,,,,247,2
10301408,400,30,2,6,4,4,4,,30141,220,400,13,2,46,0,0,0,0,0,0,304,302,,,,247,2
10301409,401,30,3,7,4,4,4,,30142,220,401,2,1491,2239,0,0,0,0,0,0,304,302,,,,496,4
10301410,402,30,3,8,4,4,4,,30142,220,402,3,1491,2239,0,0,0,0,0,0,304,302,,,,496,4
10301411,403,30,3,7,4,4,4,,30143,220,403,11,2,4,0,0,0,0,0,0,304,302,,,,496,4
10301412,404,30,3,8,4,4,4,,30143,220,404,16,2,22,0,0,0,0,0,0,304,302,,,,496,4
10301413,405,30,3,7,4,4,4,,30144,220,405,9,22,46,0,0,0,0,0,0,304,302,,,,496,4
10301414,406,30,3,8,4,4,4,,30144,220,406,10,22,46,0,0,0,0,0,0,304,302,,,,496,4
10301501,407,30,1,1,5,5,5,,,270,407,4,694,1041,6,694,1041,0,0,0,305,303,,,,745,7
10301502,408,30,1,1,5,5,5,,,270,408,4,694,1041,6,694,1041,0,0,0,305,303,,,,745,7
10301503,409,30,1,1,5,5,5,,,270,409,4,694,1041,6,694,1041,0,0,0,305,303,,,,745,7
10301504,410,30,2,2,5,5,5,,30151,270,410,1,20901,31351,0,0,0,0,0,0,305,303,,,,247,2
10301505,411,30,2,3,5,5,5,,30151,270,411,5,486,728,0,0,0,0,0,0,305,303,,,,247,2
10301506,412,30,2,4,5,5,5,,30151,270,412,27,694,1392,29,694,1392,30,694,1392,305,303,,,,247,2
10301507,413,30,2,5,5,5,5,,30151,270,413,7,486,728,0,0,0,0,0,0,305,303,,,,247,2
10301508,414,30,2,6,5,5,5,,30151,270,414,13,2,66,0,0,0,0,0,0,305,303,,,,247,2
10301509,415,30,3,7,5,5,5,,30152,270,415,2,2088,3133,0,0,0,0,0,0,305,303,,,,496,4
10301510,416,30,3,8,5,5,5,,30152,270,416,3,2088,3133,0,0,0,0,0,0,305,303,,,,496,4
10301511,417,30,3,7,5,5,5,,30153,270,417,11,2,10,0,0,0,0,0,0,305,303,,,,496,4
10301512,418,30,3,8,5,5,5,,30153,270,418,16,2,31,0,0,0,0,0,0,305,303,,,,496,4
10301513,419,30,3,7,5,5,5,,30154,270,419,9,31,66,0,0,0,0,0,0,305,303,,,,496,4
10301514,420,30,3,8,5,5,5,,30154,270,420,10,31,66,0,0,0,0,0,0,305,303,,,,496,4
10351101,421,35,1,1,1,1,1,,,60,421,4,296,446,6,296,446,0,0,0,,,,,,,
10351102,422,35,1,1,1,1,1,,,60,422,4,296,446,6,296,446,0,0,0,,,,,,,
10351103,423,35,1,1,1,1,1,,,60,423,4,296,446,6,296,446,0,0,0,,,,,,,
10351104,424,35,2,2,1,1,1,,35111,60,424,1,8956,13436,0,0,0,0,0,0,,,,,,,
10351105,425,35,2,3,1,1,1,,35111,60,425,5,206,312,0,0,0,0,0,0,,,,,,,
10351106,426,35,2,4,1,1,1,,35111,60,426,27,296,595,29,296,595,30,296,595,,,,,,,
10351107,427,35,2,5,1,1,1,,35111,60,427,7,206,312,0,0,0,0,0,0,,,,,,,
10351108,428,35,2,6,1,1,1,,35111,60,428,13,1,26,0,0,0,0,0,0,,,,,,,
10351109,429,35,3,7,1,1,1,,35112,60,429,2,894,1341,0,0,0,0,0,0,,,,,,,
10351110,430,35,3,8,1,1,1,,35112,60,430,3,894,1341,0,0,0,0,0,0,,,,,,,
10351111,431,35,3,7,1,1,1,,35113,60,431,11,1,2,0,0,0,0,0,0,,,,,,,
10351112,432,35,3,8,1,1,1,,35113,60,432,16,1,12,0,0,0,0,0,0,,,,,,,
10351113,433,35,3,7,1,1,1,,35114,60,433,9,12,26,0,0,0,0,0,0,,,,,,,
10351114,434,35,3,8,1,1,1,,35114,60,434,10,12,26,0,0,0,0,0,0,,,,,,,
10351201,435,35,1,1,2,2,2,,,120,435,4,355,535,6,355,535,0,0,0,352,351,,,,,
10351202,436,35,1,1,2,2,2,,,120,436,4,355,535,6,355,535,0,0,0,352,351,,,,,
10351203,437,35,1,1,2,2,2,,,120,437,4,355,535,6,355,535,0,0,0,352,351,,,,,
10351204,438,35,2,2,2,2,2,,35121,120,438,1,10747,16123,0,0,0,0,0,0,352,351,,,,,
10351205,439,35,2,3,2,2,2,,35121,120,439,5,247,374,0,0,0,0,0,0,352,351,,,,,
10351206,440,35,2,4,2,2,2,,35121,120,440,27,355,714,29,355,714,30,355,714,352,351,,,,,
10351207,441,35,2,5,2,2,2,,35121,120,441,7,247,374,0,0,0,0,0,0,352,351,,,,,
10351208,442,35,2,6,2,2,2,,35121,120,442,13,1,31,0,0,0,0,0,0,352,351,,,,,
10351209,443,35,3,7,2,2,2,,35122,120,443,2,1072,1609,0,0,0,0,0,0,352,351,,,,,
10351210,444,35,3,8,2,2,2,,35122,120,444,3,1072,1609,0,0,0,0,0,0,352,351,,,,,
10351211,445,35,3,7,2,2,2,,35123,120,445,11,1,2,0,0,0,0,0,0,352,351,,,,,
10351212,446,35,3,8,2,2,2,,35123,120,446,16,1,14,0,0,0,0,0,0,352,351,,,,,
10351213,447,35,3,7,2,2,2,,35124,120,447,9,14,31,0,0,0,0,0,0,352,351,,,,,
10351214,448,35,3,8,2,2,2,,35124,120,448,10,14,31,0,0,0,0,0,0,352,351,,,,,
10351301,449,35,1,1,3,3,3,,,180,449,4,446,669,6,446,669,0,0,0,353,351,,,,894,8
10351302,450,35,1,1,3,3,3,,,180,450,4,446,669,6,446,669,0,0,0,353,351,,,,894,8
10351303,451,35,1,1,3,3,3,,,180,451,4,446,669,6,446,669,0,0,0,353,351,,,,894,8
10351304,452,35,2,2,3,3,3,,35131,180,452,1,13436,20154,0,0,0,0,0,0,353,351,,,,296,2
10351305,453,35,2,3,3,3,3,,35131,180,453,5,312,465,0,0,0,0,0,0,353,351,,,,296,2
10351306,454,35,2,4,3,3,3,,35131,180,454,27,446,894,29,446,894,30,446,894,353,351,,,,296,2
10351307,455,35,2,5,3,3,3,,35131,180,455,7,312,465,0,0,0,0,0,0,353,351,,,,296,2
10351308,456,35,2,6,3,3,3,,35131,180,456,13,1,43,0,0,0,0,0,0,353,351,,,,296,2
10351309,457,35,3,7,3,3,3,,35132,180,457,2,1341,2013,0,0,0,0,0,0,353,351,,,,595,5
10351310,458,35,3,8,3,3,3,,35132,180,458,3,1341,2013,0,0,0,0,0,0,353,351,,,,595,5
10351311,459,35,3,7,3,3,3,,35133,180,459,11,1,3,0,0,0,0,0,0,353,351,,,,595,5
10351312,460,35,3,8,3,3,3,,35133,180,460,16,1,16,0,0,0,0,0,0,353,351,,,,595,5
10351313,461,35,3,7,3,3,3,,35134,180,461,9,16,43,0,0,0,0,0,0,353,351,,,,595,5
10351314,462,35,3,8,3,3,3,,35134,180,462,10,16,43,0,0,0,0,0,0,353,351,,,,595,5
10351401,463,35,1,1,4,4,4,,,240,463,4,595,894,6,595,894,0,0,0,354,352,,,,894,8
10351402,464,35,1,1,4,4,4,,,240,464,4,595,894,6,595,894,0,0,0,354,352,,,,894,8
10351403,465,35,1,1,4,4,4,,,240,465,4,595,894,6,595,894,0,0,0,354,352,,,,894,8
10351404,466,35,2,2,4,4,4,,35141,240,466,1,17914,26872,0,0,0,0,0,0,354,352,,,,296,2
10351405,467,35,2,3,4,4,4,,35141,240,467,5,415,624,0,0,0,0,0,0,354,352,,,,296,2
10351406,468,35,2,4,4,4,4,,35141,240,468,27,595,1192,29,595,1192,30,595,1192,354,352,,,,296,2
10351407,469,35,2,5,4,4,4,,35141,240,469,7,415,624,0,0,0,0,0,0,354,352,,,,296,2
10351408,470,35,2,6,4,4,4,,35141,240,470,13,2,55,0,0,0,0,0,0,354,352,,,,296,2
10351409,471,35,3,7,4,4,4,,35142,240,471,2,1789,2686,0,0,0,0,0,0,354,352,,,,595,5
10351410,472,35,3,8,4,4,4,,35142,240,472,3,1789,2686,0,0,0,0,0,0,354,352,,,,595,5
10351411,473,35,3,7,4,4,4,,35143,240,473,11,2,4,0,0,0,0,0,0,354,352,,,,595,5
10351412,474,35,3,8,4,4,4,,35143,240,474,16,2,26,0,0,0,0,0,0,354,352,,,,595,5
10351413,475,35,3,7,4,4,4,,35144,240,475,9,26,55,0,0,0,0,0,0,354,352,,,,595,5
10351414,476,35,3,8,4,4,4,,35144,240,476,10,26,55,0,0,0,0,0,0,354,352,,,,595,5
10351501,477,35,1,1,5,5,5,,,300,477,4,832,1249,6,832,1249,0,0,0,355,353,,,,894,8
10351502,478,35,1,1,5,5,5,,,300,478,4,832,1249,6,832,1249,0,0,0,355,353,,,,894,8
10351503,479,35,1,1,5,5,5,,,300,479,4,832,1249,6,832,1249,0,0,0,355,353,,,,894,8
10351504,480,35,2,2,5,5,5,,35151,300,480,1,25081,37621,0,0,0,0,0,0,355,353,,,,296,2
10351505,481,35,2,3,5,5,5,,35151,300,481,5,583,873,0,0,0,0,0,0,355,353,,,,296,2
10351506,482,35,2,4,5,5,5,,35151,300,482,27,832,1670,29,832,1670,30,832,1670,355,353,,,,296,2
10351507,483,35,2,5,5,5,5,,35151,300,483,7,583,873,0,0,0,0,0,0,355,353,,,,296,2
10351508,484,35,2,6,5,5,5,,35151,300,484,13,2,79,0,0,0,0,0,0,355,353,,,,296,2
10351509,485,35,3,7,5,5,5,,35152,300,485,2,2505,3759,0,0,0,0,0,0,355,353,,,,595,5
10351510,486,35,3,8,5,5,5,,35152,300,486,3,2505,3759,0,0,0,0,0,0,355,353,,,,595,5
10351511,487,35,3,7,5,5,5,,35153,300,487,11,2,12,0,0,0,0,0,0,355,353,,,,595,5
10351512,488,35,3,8,5,5,5,,35153,300,488,16,2,37,0,0,0,0,0,0,355,353,,,,595,5
10351513,489,35,3,7,5,5,5,,35154,300,489,9,37,79,0,0,0,0,0,0,355,353,,,,595,5
10351514,490,35,3,8,5,5,5,,35154,300,490,10,37,79,0,0,0,0,0,0,355,353,,,,595,5
10401101,491,40,1,1,1,1,1,,,60,491,4,355,535,6,355,535,0,0,0,,,,,,,
10401102,492,40,1,1,1,1,1,,,60,492,4,355,535,6,355,535,0,0,0,,,,,,,
10401103,493,40,1,1,1,1,1,,,60,493,4,355,535,6,355,535,0,0,0,,,,,,,
10401104,494,40,2,2,1,1,1,,40111,60,494,1,10747,16123,0,0,0,0,0,0,,,,,,,
10401105,495,40,2,3,1,1,1,,40111,60,495,5,247,374,0,0,0,0,0,0,,,,,,,
10401106,496,40,2,4,1,1,1,,40111,60,496,27,355,714,29,355,714,30,355,714,,,,,,,
10401107,497,40,2,5,1,1,1,,40111,60,497,7,247,374,0,0,0,0,0,0,,,,,,,
10401108,498,40,2,6,1,1,1,,40111,60,498,13,1,31,0,0,0,0,0,0,,,,,,,
10401109,499,40,3,7,1,1,1,,40112,60,499,2,1072,1609,0,0,0,0,0,0,,,,,,,
10401110,500,40,3,8,1,1,1,,40112,60,500,3,1072,1609,0,0,0,0,0,0,,,,,,,
10401111,501,40,3,7,1,1,1,,40113,60,501,11,1,2,0,0,0,0,0,0,,,,,,,
10401112,502,40,3,8,1,1,1,,40113,60,502,16,1,14,0,0,0,0,0,0,,,,,,,
10401113,503,40,3,7,1,1,1,,40114,60,503,9,14,31,0,0,0,0,0,0,,,,,,,
10401114,504,40,3,8,1,1,1,,40114,60,504,10,14,31,0,0,0,0,0,0,,,,,,,
10401201,505,40,1,1,2,2,2,,,130,505,4,426,642,6,426,642,0,0,0,402,401,,,,,
10401202,506,40,1,1,2,2,2,,,130,506,4,426,642,6,426,642,0,0,0,402,401,,,,,
10401203,507,40,1,1,2,2,2,,,130,507,4,426,642,6,426,642,0,0,0,402,401,,,,,
10401204,508,40,2,2,2,2,2,,40121,130,508,1,12896,19347,0,0,0,0,0,0,402,401,,,,,
10401205,509,40,2,3,2,2,2,,40121,130,509,5,296,448,0,0,0,0,0,0,402,401,,,,,
10401206,510,40,2,4,2,2,2,,40121,130,510,27,426,856,29,426,856,30,426,856,402,401,,,,,
10401207,511,40,2,5,2,2,2,,40121,130,511,7,296,448,0,0,0,0,0,0,402,401,,,,,
10401208,512,40,2,6,2,2,2,,40121,130,512,13,1,37,0,0,0,0,0,0,402,401,,,,,
10401209,513,40,3,7,2,2,2,,40122,130,513,2,1286,1930,0,0,0,0,0,0,402,401,,,,,
10401210,514,40,3,8,2,2,2,,40122,130,514,3,1286,1930,0,0,0,0,0,0,402,401,,,,,
10401211,515,40,3,7,2,2,2,,40123,130,515,11,1,2,0,0,0,0,0,0,402,401,,,,,
10401212,516,40,3,8,2,2,2,,40123,130,516,16,1,16,0,0,0,0,0,0,402,401,,,,,
10401213,517,40,3,7,2,2,2,,40124,130,517,9,16,37,0,0,0,0,0,0,402,401,,,,,
10401214,518,40,3,8,2,2,2,,40124,130,518,10,16,37,0,0,0,0,0,0,402,401,,,,,
10401301,519,40,1,1,3,3,3,,,190,519,4,535,802,6,535,802,0,0,0,403,401,,,,1072,10
10401302,520,40,1,1,3,3,3,,,190,520,4,535,802,6,535,802,0,0,0,403,401,,,,1072,10
10401303,521,40,1,1,3,3,3,,,190,521,4,535,802,6,535,802,0,0,0,403,401,,,,1072,10
10401304,522,40,2,2,3,3,3,,40131,190,522,1,16123,24184,0,0,0,0,0,0,403,401,,,,355,3
10401305,523,40,2,3,3,3,3,,40131,190,523,5,374,558,0,0,0,0,0,0,403,401,,,,355,3
10401306,524,40,2,4,3,3,3,,40131,190,524,27,535,1072,29,535,1072,30,535,1072,403,401,,,,355,3
10401307,525,40,2,5,3,3,3,,40131,190,525,7,374,558,0,0,0,0,0,0,403,401,,,,355,3
10401308,526,40,2,6,3,3,3,,40131,190,526,13,1,51,0,0,0,0,0,0,403,401,,,,355,3
10401309,527,40,3,7,3,3,3,,40132,190,527,2,1609,2415,0,0,0,0,0,0,403,401,,,,714,7
10401310,528,40,3,8,3,3,3,,40132,190,528,3,1609,2415,0,0,0,0,0,0,403,401,,,,714,7
10401311,529,40,3,7,3,3,3,,40133,190,529,11,1,3,0,0,0,0,0,0,403,401,,,,714,7
10401312,530,40,3,8,3,3,3,,40133,190,530,16,1,19,0,0,0,0,0,0,403,401,,,,714,7
10401313,531,40,3,7,3,3,3,,40134,190,531,9,19,51,0,0,0,0,0,0,403,401,,,,714,7
10401314,532,40,3,8,3,3,3,,40134,190,532,10,19,51,0,0,0,0,0,0,403,401,,,,714,7
10401401,533,40,1,1,4,4,4,,,250,533,4,714,1072,6,714,1072,0,0,0,404,402,,,,1072,10
10401402,534,40,1,1,4,4,4,,,250,534,4,714,1072,6,714,1072,0,0,0,404,402,,,,1072,10
10401403,535,40,1,1,4,4,4,,,250,535,4,714,1072,6,714,1072,0,0,0,404,402,,,,1072,10
10401404,536,40,2,2,4,4,4,,40141,250,536,1,21496,32246,0,0,0,0,0,0,404,402,,,,355,3
10401405,537,40,2,3,4,4,4,,40141,250,537,5,498,748,0,0,0,0,0,0,404,402,,,,355,3
10401406,538,40,2,4,4,4,4,,40141,250,538,27,714,1430,29,714,1430,30,714,1430,404,402,,,,355,3
10401407,539,40,2,5,4,4,4,,40141,250,539,7,498,748,0,0,0,0,0,0,404,402,,,,355,3
10401408,540,40,2,6,4,4,4,,40141,250,540,13,2,66,0,0,0,0,0,0,404,402,,,,355,3
10401409,541,40,3,7,4,4,4,,40142,250,541,2,2146,3223,0,0,0,0,0,0,404,402,,,,714,7
10401410,542,40,3,8,4,4,4,,40142,250,542,3,2146,3223,0,0,0,0,0,0,404,402,,,,714,7
10401411,543,40,3,7,4,4,4,,40143,250,543,11,2,4,0,0,0,0,0,0,404,402,,,,714,7
10401412,544,40,3,8,4,4,4,,40143,250,544,16,2,31,0,0,0,0,0,0,404,402,,,,714,7
10401413,545,40,3,7,4,4,4,,40144,250,545,9,31,66,0,0,0,0,0,0,404,402,,,,714,7
10401414,546,40,3,8,4,4,4,,40144,250,546,10,31,66,0,0,0,0,0,0,404,402,,,,714,7
10401501,547,40,1,1,5,5,5,,,320,547,4,998,1498,6,998,1498,0,0,0,405,403,,,,1072,10
10401502,548,40,1,1,5,5,5,,,320,548,4,998,1498,6,998,1498,0,0,0,405,403,,,,1072,10
10401503,549,40,1,1,5,5,5,,,320,549,4,998,1498,6,998,1498,0,0,0,405,403,,,,1072,10
10401504,550,40,2,2,5,5,5,,40151,320,550,1,30097,45145,0,0,0,0,0,0,405,403,,,,355,3
10401505,551,40,2,3,5,5,5,,40151,320,551,5,699,1047,0,0,0,0,0,0,405,403,,,,355,3
10401506,552,40,2,4,5,5,5,,40151,320,552,27,998,2004,29,998,2004,30,998,2004,405,403,,,,355,3
10401507,553,40,2,5,5,5,5,,40151,320,553,7,699,1047,0,0,0,0,0,0,405,403,,,,355,3
10401508,554,40,2,6,5,5,5,,40151,320,554,13,2,94,0,0,0,0,0,0,405,403,,,,355,3
10401509,555,40,3,7,5,5,5,,40152,320,555,2,3006,4510,0,0,0,0,0,0,405,403,,,,714,7
10401510,556,40,3,8,5,5,5,,40152,320,556,3,3006,4510,0,0,0,0,0,0,405,403,,,,714,7
10401511,557,40,3,7,5,5,5,,40153,320,557,11,2,14,0,0,0,0,0,0,405,403,,,,714,7
10401512,558,40,3,8,5,5,5,,40153,320,558,16,2,44,0,0,0,0,0,0,405,403,,,,714,7
10401513,559,40,3,7,5,5,5,,40154,320,559,9,44,94,0,0,0,0,0,0,405,403,,,,714,7
10401514,560,40,3,8,5,5,5,,40154,320,560,10,44,94,0,0,0,0,0,0,405,403,,,,714,7
10451101,561,45,1,1,1,1,1,,,70,561,4,426,642,6,426,642,0,0,0,,,,,,,
10451102,562,45,1,1,1,1,1,,,70,562,4,426,642,6,426,642,0,0,0,,,,,,,
10451103,563,45,1,1,1,1,1,,,70,563,4,426,642,6,426,642,0,0,0,,,,,,,
10451104,564,45,2,2,1,1,1,,45111,70,564,1,12896,19347,0,0,0,0,0,0,,,,,,,
10451105,565,45,2,3,1,1,1,,45111,70,565,5,296,448,0,0,0,0,0,0,,,,,,,
10451106,566,45,2,4,1,1,1,,45111,70,566,27,426,856,29,426,856,30,426,856,,,,,,,
10451107,567,45,2,5,1,1,1,,45111,70,567,7,296,448,0,0,0,0,0,0,,,,,,,
10451108,568,45,2,6,1,1,1,,45111,70,568,13,1,37,0,0,0,0,0,0,,,,,,,
10451109,569,45,3,7,1,1,1,,45112,70,569,2,1286,1930,0,0,0,0,0,0,,,,,,,
10451110,570,45,3,8,1,1,1,,45112,70,570,3,1286,1930,0,0,0,0,0,0,,,,,,,
10451111,571,45,3,7,1,1,1,,45113,70,571,11,1,2,0,0,0,0,0,0,,,,,,,
10451112,572,45,3,8,1,1,1,,45113,70,572,16,1,16,0,0,0,0,0,0,,,,,,,
10451113,573,45,3,7,1,1,1,,45114,70,573,9,16,37,0,0,0,0,0,0,,,,,,,
10451114,574,45,3,8,1,1,1,,45114,70,574,10,16,37,0,0,0,0,0,0,,,,,,,
10451201,575,45,1,1,2,2,2,,,130,575,4,511,770,6,511,770,0,0,0,452,451,,,,,
10451202,576,45,1,1,2,2,2,,,130,576,4,511,770,6,511,770,0,0,0,452,451,,,,,
10451203,577,45,1,1,2,2,2,,,130,577,4,511,770,6,511,770,0,0,0,452,451,,,,,
10451204,578,45,2,2,2,2,2,,45121,130,578,1,15475,23216,0,0,0,0,0,0,452,451,,,,,
10451205,579,45,2,3,2,2,2,,45121,130,579,5,355,537,0,0,0,0,0,0,452,451,,,,,
10451206,580,45,2,4,2,2,2,,45121,130,580,27,511,1027,29,511,1027,30,511,1027,452,451,,,,,
10451207,581,45,2,5,2,2,2,,45121,130,581,7,355,537,0,0,0,0,0,0,452,451,,,,,
10451208,582,45,2,6,2,2,2,,45121,130,582,13,1,44,0,0,0,0,0,0,452,451,,,,,
10451209,583,45,3,7,2,2,2,,45122,130,583,2,1543,2316,0,0,0,0,0,0,452,451,,,,,
10451210,584,45,3,8,2,2,2,,45122,130,584,3,1543,2316,0,0,0,0,0,0,452,451,,,,,
10451211,585,45,3,7,2,2,2,,45123,130,585,11,1,2,0,0,0,0,0,0,452,451,,,,,
10451212,586,45,3,8,2,2,2,,45123,130,586,16,1,19,0,0,0,0,0,0,452,451,,,,,
10451213,587,45,3,7,2,2,2,,45124,130,587,9,19,44,0,0,0,0,0,0,452,451,,,,,
10451214,588,45,3,8,2,2,2,,45124,130,588,10,19,44,0,0,0,0,0,0,452,451,,,,,
10451301,589,45,1,1,3,3,3,,,200,589,4,642,962,6,642,962,0,0,0,453,451,,,,1286,12
10451302,590,45,1,1,3,3,3,,,200,590,4,642,962,6,642,962,0,0,0,453,451,,,,1286,12
10451303,591,45,1,1,3,3,3,,,200,591,4,642,962,6,642,962,0,0,0,453,451,,,,1286,12
10451304,592,45,2,2,3,3,3,,45131,200,592,1,19347,29020,0,0,0,0,0,0,453,451,,,,426,4
10451305,593,45,2,3,3,3,3,,45131,200,593,5,448,669,0,0,0,0,0,0,453,451,,,,426,4
10451306,594,45,2,4,3,3,3,,45131,200,594,27,642,1286,29,642,1286,30,642,1286,453,451,,,,426,4
10451307,595,45,2,5,3,3,3,,45131,200,595,7,448,669,0,0,0,0,0,0,453,451,,,,426,4
10451308,596,45,2,6,3,3,3,,45131,200,596,13,1,61,0,0,0,0,0,0,453,451,,,,426,4
10451309,597,45,3,7,3,3,3,,45132,200,597,2,1930,2898,0,0,0,0,0,0,453,451,,,,856,8
10451310,598,45,3,8,3,3,3,,45132,200,598,3,1930,2898,0,0,0,0,0,0,453,451,,,,856,8
10451311,599,45,3,7,3,3,3,,45133,200,599,11,1,3,0,0,0,0,0,0,453,451,,,,856,8
10451312,600,45,3,8,3,3,3,,45133,200,600,16,1,22,0,0,0,0,0,0,453,451,,,,856,8
10451313,601,45,3,7,3,3,3,,45134,200,601,9,22,61,0,0,0,0,0,0,453,451,,,,856,8
10451314,602,45,3,8,3,3,3,,45134,200,602,10,22,61,0,0,0,0,0,0,453,451,,,,856,8
10451401,603,45,1,1,4,4,4,,,270,603,4,856,1286,6,856,1286,0,0,0,454,452,,,,1286,12
10451402,604,45,1,1,4,4,4,,,270,604,4,856,1286,6,856,1286,0,0,0,454,452,,,,1286,12
10451403,605,45,1,1,4,4,4,,,270,605,4,856,1286,6,856,1286,0,0,0,454,452,,,,1286,12
10451404,606,45,2,2,4,4,4,,45141,270,606,1,25795,38695,0,0,0,0,0,0,454,452,,,,426,4
10451405,607,45,2,3,4,4,4,,45141,270,607,5,597,897,0,0,0,0,0,0,454,452,,,,426,4
10451406,608,45,2,4,4,4,4,,45141,270,608,27,856,1716,29,856,1716,30,856,1716,454,452,,,,426,4
10451407,609,45,2,5,4,4,4,,45141,270,609,7,597,897,0,0,0,0,0,0,454,452,,,,426,4
10451408,610,45,2,6,4,4,4,,45141,270,610,13,2,79,0,0,0,0,0,0,454,452,,,,426,4
10451409,611,45,3,7,4,4,4,,45142,270,611,2,2575,3867,0,0,0,0,0,0,454,452,,,,856,8
10451410,612,45,3,8,4,4,4,,45142,270,612,3,2575,3867,0,0,0,0,0,0,454,452,,,,856,8
10451411,613,45,3,7,4,4,4,,45143,270,613,11,2,4,0,0,0,0,0,0,454,452,,,,856,8
10451412,614,45,3,8,4,4,4,,45143,270,614,16,2,37,0,0,0,0,0,0,454,452,,,,856,8
10451413,615,45,3,7,4,4,4,,45144,270,615,9,37,79,0,0,0,0,0,0,454,452,,,,856,8
10451414,616,45,3,8,4,4,4,,45144,270,616,10,37,79,0,0,0,0,0,0,454,452,,,,856,8
10451501,617,45,1,1,5,5,5,,,340,617,4,1197,1797,6,1197,1797,0,0,0,455,453,,,,1286,12
10451502,618,45,1,1,5,5,5,,,340,618,4,1197,1797,6,1197,1797,0,0,0,455,453,,,,1286,12
10451503,619,45,1,1,5,5,5,,,340,619,4,1197,1797,6,1197,1797,0,0,0,455,453,,,,1286,12
10451504,620,45,2,2,5,5,5,,45151,340,620,1,36116,54174,0,0,0,0,0,0,455,453,,,,426,4
10451505,621,45,2,3,5,5,5,,45151,340,621,5,838,1256,0,0,0,0,0,0,455,453,,,,426,4
10451506,622,45,2,4,5,5,5,,45151,340,622,27,1197,2404,29,1197,2404,30,1197,2404,455,453,,,,426,4
10451507,623,45,2,5,5,5,5,,45151,340,623,7,838,1256,0,0,0,0,0,0,455,453,,,,426,4
10451508,624,45,2,6,5,5,5,,45151,340,624,13,2,112,0,0,0,0,0,0,455,453,,,,426,4
10451509,625,45,3,7,5,5,5,,45152,340,625,2,3607,5412,0,0,0,0,0,0,455,453,,,,856,8
10451510,626,45,3,8,5,5,5,,45152,340,626,3,3607,5412,0,0,0,0,0,0,455,453,,,,856,8
10451511,627,45,3,7,5,5,5,,45153,340,627,11,2,16,0,0,0,0,0,0,455,453,,,,856,8
10451512,628,45,3,8,5,5,5,,45153,340,628,16,2,52,0,0,0,0,0,0,455,453,,,,856,8
10451513,629,45,3,7,5,5,5,,45154,340,629,9,52,112,0,0,0,0,0,0,455,453,,,,856,8
10451514,630,45,3,8,5,5,5,,45154,340,630,10,52,112,0,0,0,0,0,0,455,453,,,,856,8
10501101,631,50,1,1,1,1,1,,,70,631,4,511,770,6,511,770,0,0,0,,,,,,,
10501102,632,50,1,1,1,1,1,,,70,632,4,511,770,6,511,770,0,0,0,,,,,,,
10501103,633,50,1,1,1,1,1,,,70,633,4,511,770,6,511,770,0,0,0,,,,,,,
10501104,634,50,2,2,1,1,1,,50111,70,634,1,15475,23216,0,0,0,0,0,0,,,,,,,
10501105,635,50,2,3,1,1,1,,50111,70,635,5,355,537,0,0,0,0,0,0,,,,,,,
10501106,636,50,2,4,1,1,1,,50111,70,636,27,511,1027,29,511,1027,30,511,1027,,,,,,,
10501107,637,50,2,5,1,1,1,,50111,70,637,7,355,537,0,0,0,0,0,0,,,,,,,
10501108,638,50,2,6,1,1,1,,50111,70,638,13,1,44,0,0,0,0,0,0,,,,,,,
10501109,639,50,3,7,1,1,1,,50112,70,639,2,1543,2316,0,0,0,0,0,0,,,,,,,
10501110,640,50,3,8,1,1,1,,50112,70,640,3,1543,2316,0,0,0,0,0,0,,,,,,,
10501111,641,50,3,7,1,1,1,,50113,70,641,11,1,2,0,0,0,0,0,0,,,,,,,
10501112,642,50,3,8,1,1,1,,50113,70,642,16,1,19,0,0,0,0,0,0,,,,,,,
10501113,643,50,3,7,1,1,1,,50114,70,643,9,19,44,0,0,0,0,0,0,,,,,,,
10501114,644,50,3,8,1,1,1,,50114,70,644,10,19,44,0,0,0,0,0,0,,,,,,,
10501201,645,50,1,1,2,2,2,,,140,645,4,613,924,6,613,924,0,0,0,502,501,,,,,
10501202,646,50,1,1,2,2,2,,,140,646,4,613,924,6,613,924,0,0,0,502,501,,,,,
10501203,647,50,1,1,2,2,2,,,140,647,4,613,924,6,613,924,0,0,0,502,501,,,,,
10501204,648,50,2,2,2,2,2,,50121,140,648,1,18570,27859,0,0,0,0,0,0,502,501,,,,,
10501205,649,50,2,3,2,2,2,,50121,140,649,5,426,644,0,0,0,0,0,0,502,501,,,,,
10501206,650,50,2,4,2,2,2,,50121,140,650,27,613,1232,29,613,1232,30,613,1232,502,501,,,,,
10501207,651,50,2,5,2,2,2,,50121,140,651,7,426,644,0,0,0,0,0,0,502,501,,,,,
10501208,652,50,2,6,2,2,2,,50121,140,652,13,1,52,0,0,0,0,0,0,502,501,,,,,
10501209,653,50,3,7,2,2,2,,50122,140,653,2,1851,2779,0,0,0,0,0,0,502,501,,,,,
10501210,654,50,3,8,2,2,2,,50122,140,654,3,1851,2779,0,0,0,0,0,0,502,501,,,,,
10501211,655,50,3,7,2,2,2,,50123,140,655,11,1,2,0,0,0,0,0,0,502,501,,,,,
10501212,656,50,3,8,2,2,2,,50123,140,656,16,1,22,0,0,0,0,0,0,502,501,,,,,
10501213,657,50,3,7,2,2,2,,50124,140,657,9,22,52,0,0,0,0,0,0,502,501,,,,,
10501214,658,50,3,8,2,2,2,,50124,140,658,10,22,52,0,0,0,0,0,0,502,501,,,,,
10501301,659,50,1,1,3,3,3,,,210,659,4,770,1154,6,770,1154,0,0,0,503,501,,,,1543,15
10501302,660,50,1,1,3,3,3,,,210,660,4,770,1154,6,770,1154,0,0,0,503,501,,,,1543,15
10501303,661,50,1,1,3,3,3,,,210,661,4,770,1154,6,770,1154,0,0,0,503,501,,,,1543,15
10501304,662,50,2,2,3,3,3,,50131,210,662,1,23216,34824,0,0,0,0,0,0,503,501,,,,511,5
10501305,663,50,2,3,3,3,3,,50131,210,663,5,537,802,0,0,0,0,0,0,503,501,,,,511,5
10501306,664,50,2,4,3,3,3,,50131,210,664,27,770,1543,29,770,1543,30,770,1543,503,501,,,,511,5
10501307,665,50,2,5,3,3,3,,50131,210,665,7,537,802,0,0,0,0,0,0,503,501,,,,511,5
10501308,666,50,2,6,3,3,3,,50131,210,666,13,1,73,0,0,0,0,0,0,503,501,,,,511,5
10501309,667,50,3,7,3,3,3,,50132,210,667,2,2316,3477,0,0,0,0,0,0,503,501,,,,1027,10
10501310,668,50,3,8,3,3,3,,50132,210,668,3,2316,3477,0,0,0,0,0,0,503,501,,,,1027,10
10501311,669,50,3,7,3,3,3,,50133,210,669,11,1,3,0,0,0,0,0,0,503,501,,,,1027,10
10501312,670,50,3,8,3,3,3,,50133,210,670,16,1,26,0,0,0,0,0,0,503,501,,,,1027,10
10501313,671,50,3,7,3,3,3,,50134,210,671,9,26,73,0,0,0,0,0,0,503,501,,,,1027,10
10501314,672,50,3,8,3,3,3,,50134,210,672,10,26,73,0,0,0,0,0,0,503,501,,,,1027,10
10501401,673,50,1,1,4,4,4,,,280,673,4,1027,1543,6,1027,1543,0,0,0,504,502,,,,1543,15
10501402,674,50,1,1,4,4,4,,,280,674,4,1027,1543,6,1027,1543,0,0,0,504,502,,,,1543,15
10501403,675,50,1,1,4,4,4,,,280,675,4,1027,1543,6,1027,1543,0,0,0,504,502,,,,1543,15
10501404,676,50,2,2,4,4,4,,50141,280,676,1,30954,46434,0,0,0,0,0,0,504,502,,,,511,5
10501405,677,50,2,3,4,4,4,,50141,280,677,5,716,1076,0,0,0,0,0,0,504,502,,,,511,5
10501406,678,50,2,4,4,4,4,,50141,280,678,27,1027,2059,29,1027,2059,30,1027,2059,504,502,,,,511,5
10501407,679,50,2,5,4,4,4,,50141,280,679,7,716,1076,0,0,0,0,0,0,504,502,,,,511,5
10501408,680,50,2,6,4,4,4,,50141,280,680,13,2,94,0,0,0,0,0,0,504,502,,,,511,5
10501409,681,50,3,7,4,4,4,,50142,280,681,2,3090,4640,0,0,0,0,0,0,504,502,,,,1027,10
10501410,682,50,3,8,4,4,4,,50142,280,682,3,3090,4640,0,0,0,0,0,0,504,502,,,,1027,10
10501411,683,50,3,7,4,4,4,,50143,280,683,11,2,4,0,0,0,0,0,0,504,502,,,,1027,10
10501412,684,50,3,8,4,4,4,,50143,280,684,16,2,44,0,0,0,0,0,0,504,502,,,,1027,10
10501413,685,50,3,7,4,4,4,,50144,280,685,9,44,94,0,0,0,0,0,0,504,502,,,,1027,10
10501414,686,50,3,8,4,4,4,,50144,280,686,10,44,94,0,0,0,0,0,0,504,502,,,,1027,10
10501501,687,50,1,1,5,5,5,,,350,687,4,1436,2156,6,1436,2156,0,0,0,505,503,,,,1543,15
10501502,688,50,1,1,5,5,5,,,350,688,4,1436,2156,6,1436,2156,0,0,0,505,503,,,,1543,15
10501503,689,50,1,1,5,5,5,,,350,689,4,1436,2156,6,1436,2156,0,0,0,505,503,,,,1543,15
10501504,690,50,2,2,5,5,5,,50151,350,690,1,43339,65008,0,0,0,0,0,0,505,503,,,,511,5
10501505,691,50,2,3,5,5,5,,50151,350,691,5,1005,1507,0,0,0,0,0,0,505,503,,,,511,5
10501506,692,50,2,4,5,5,5,,50151,350,692,27,1436,2884,29,1436,2884,30,1436,2884,505,503,,,,511,5
10501507,693,50,2,5,5,5,5,,50151,350,693,7,1005,1507,0,0,0,0,0,0,505,503,,,,511,5
10501508,694,50,2,6,5,5,5,,50151,350,694,13,2,134,0,0,0,0,0,0,505,503,,,,511,5
10501509,695,50,3,7,5,5,5,,50152,350,695,2,4328,6494,0,0,0,0,0,0,505,503,,,,1027,10
10501510,696,50,3,8,5,5,5,,50152,350,696,3,4328,6494,0,0,0,0,0,0,505,503,,,,1027,10
10501511,697,50,3,7,5,5,5,,50153,350,697,11,2,19,0,0,0,0,0,0,505,503,,,,1027,10
10501512,698,50,3,8,5,5,5,,50153,350,698,16,2,62,0,0,0,0,0,0,505,503,,,,1027,10
10501513,699,50,3,7,5,5,5,,50154,350,699,9,62,134,0,0,0,0,0,0,505,503,,,,1027,10
10501514,700,50,3,8,5,5,5,,50154,350,700,10,62,134,0,0,0,0,0,0,505,503,,,,1027,10
10551101,701,55,1,1,1,1,1,,,70,701,4,613,924,6,613,924,0,0,0,,,,,,,
10551102,702,55,1,1,1,1,1,,,70,702,4,613,924,6,613,924,0,0,0,,,,,,,
10551103,703,55,1,1,1,1,1,,,70,703,4,613,924,6,613,924,0,0,0,,,,,,,
10551104,704,55,2,2,1,1,1,,55111,70,704,1,18570,27859,0,0,0,0,0,0,,,,,,,
10551105,705,55,2,3,1,1,1,,55111,70,705,5,426,644,0,0,0,0,0,0,,,,,,,
10551106,706,55,2,4,1,1,1,,55111,70,706,27,613,1232,29,613,1232,30,613,1232,,,,,,,
10551107,707,55,2,5,1,1,1,,55111,70,707,7,426,644,0,0,0,0,0,0,,,,,,,
10551108,708,55,2,6,1,1,1,,55111,70,708,13,1,52,0,0,0,0,0,0,,,,,,,
10551109,709,55,3,7,1,1,1,,55112,70,709,2,1851,2779,0,0,0,0,0,0,,,,,,,
10551110,710,55,3,8,1,1,1,,55112,70,710,3,1851,2779,0,0,0,0,0,0,,,,,,,
10551111,711,55,3,7,1,1,1,,55113,70,711,11,1,2,0,0,0,0,0,0,,,,,,,
10551112,712,55,3,8,1,1,1,,55113,70,712,16,1,22,0,0,0,0,0,0,,,,,,,
10551113,713,55,3,7,1,1,1,,55114,70,713,9,22,52,0,0,0,0,0,0,,,,,,,
10551114,714,55,3,8,1,1,1,,55114,70,714,10,22,52,0,0,0,0,0,0,,,,,,,
10551201,715,55,1,1,2,2,2,,,150,715,4,735,1108,6,735,1108,0,0,0,552,551,,,,,
10551202,716,55,1,1,2,2,2,,,150,716,4,735,1108,6,735,1108,0,0,0,552,551,,,,,
10551203,717,55,1,1,2,2,2,,,150,717,4,735,1108,6,735,1108,0,0,0,552,551,,,,,
10551204,718,55,2,2,2,2,2,,55121,150,718,1,22284,33430,0,0,0,0,0,0,552,551,,,,,
10551205,719,55,2,3,2,2,2,,55121,150,719,5,511,772,0,0,0,0,0,0,552,551,,,,,
10551206,720,55,2,4,2,2,2,,55121,150,720,27,735,1478,29,735,1478,30,735,1478,552,551,,,,,
10551207,721,55,2,5,2,2,2,,55121,150,721,7,511,772,0,0,0,0,0,0,552,551,,,,,
10551208,722,55,2,6,2,2,2,,55121,150,722,13,1,62,0,0,0,0,0,0,552,551,,,,,
10551209,723,55,3,7,2,2,2,,55122,150,723,2,2221,3334,0,0,0,0,0,0,552,551,,,,,
10551210,724,55,3,8,2,2,2,,55122,150,724,3,2221,3334,0,0,0,0,0,0,552,551,,,,,
10551211,725,55,3,7,2,2,2,,55123,150,725,11,1,2,0,0,0,0,0,0,552,551,,,,,
10551212,726,55,3,8,2,2,2,,55123,150,726,16,1,26,0,0,0,0,0,0,552,551,,,,,
10551213,727,55,3,7,2,2,2,,55124,150,727,9,26,62,0,0,0,0,0,0,552,551,,,,,
10551214,728,55,3,8,2,2,2,,55124,150,728,10,26,62,0,0,0,0,0,0,552,551,,,,,
10551301,729,55,1,1,3,3,3,,,220,729,4,924,1384,6,924,1384,0,0,0,553,551,,,,1851,18
10551302,730,55,1,1,3,3,3,,,220,730,4,924,1384,6,924,1384,0,0,0,553,551,,,,1851,18
10551303,731,55,1,1,3,3,3,,,220,731,4,924,1384,6,924,1384,0,0,0,553,551,,,,1851,18
10551304,732,55,2,2,3,3,3,,55131,220,732,1,27859,41788,0,0,0,0,0,0,553,551,,,,613,6
10551305,733,55,2,3,3,3,3,,55131,220,733,5,644,962,0,0,0,0,0,0,553,551,,,,613,6
10551306,734,55,2,4,3,3,3,,55131,220,734,27,924,1851,29,924,1851,30,924,1851,553,551,,,,613,6
10551307,735,55,2,5,3,3,3,,55131,220,735,7,644,962,0,0,0,0,0,0,553,551,,,,613,6
10551308,736,55,2,6,3,3,3,,55131,220,736,13,1,87,0,0,0,0,0,0,553,551,,,,613,6
10551309,737,55,3,7,3,3,3,,55132,220,737,2,2779,4172,0,0,0,0,0,0,553,551,,,,1232,12
10551310,738,55,3,8,3,3,3,,55132,220,738,3,2779,4172,0,0,0,0,0,0,553,551,,,,1232,12
10551311,739,55,3,7,3,3,3,,55133,220,739,11,1,3,0,0,0,0,0,0,553,551,,,,1232,12
10551312,740,55,3,8,3,3,3,,55133,220,740,16,1,31,0,0,0,0,0,0,553,551,,,,1232,12
10551313,741,55,3,7,3,3,3,,55134,220,741,9,31,87,0,0,0,0,0,0,553,551,,,,1232,12
10551314,742,55,3,8,3,3,3,,55134,220,742,10,31,87,0,0,0,0,0,0,553,551,,,,1232,12
10551401,743,55,1,1,4,4,4,,,300,743,4,1232,1851,6,1232,1851,0,0,0,554,552,,,,1851,18
10551402,744,55,1,1,4,4,4,,,300,744,4,1232,1851,6,1232,1851,0,0,0,554,552,,,,1851,18
10551403,745,55,1,1,4,4,4,,,300,745,4,1232,1851,6,1232,1851,0,0,0,554,552,,,,1851,18
10551404,746,55,2,2,4,4,4,,55141,300,746,1,37144,55720,0,0,0,0,0,0,554,552,,,,613,6
10551405,747,55,2,3,4,4,4,,55141,300,747,5,859,1291,0,0,0,0,0,0,554,552,,,,613,6
10551406,748,55,2,4,4,4,4,,55141,300,748,27,1232,2470,29,1232,2470,30,1232,2470,554,552,,,,613,6
10551407,749,55,2,5,4,4,4,,55141,300,749,7,859,1291,0,0,0,0,0,0,554,552,,,,613,6
10551408,750,55,2,6,4,4,4,,55141,300,750,13,2,112,0,0,0,0,0,0,554,552,,,,613,6
10551409,751,55,3,7,4,4,4,,55142,300,751,2,3708,5568,0,0,0,0,0,0,554,552,,,,1232,12
10551410,752,55,3,8,4,4,4,,55142,300,752,3,3708,5568,0,0,0,0,0,0,554,552,,,,1232,12
10551411,753,55,3,7,4,4,4,,55143,300,753,11,2,4,0,0,0,0,0,0,554,552,,,,1232,12
10551412,754,55,3,8,4,4,4,,55143,300,754,16,2,52,0,0,0,0,0,0,554,552,,,,1232,12
10551413,755,55,3,7,4,4,4,,55144,300,755,9,52,112,0,0,0,0,0,0,554,552,,,,1232,12
10551414,756,55,3,8,4,4,4,,55144,300,756,10,52,112,0,0,0,0,0,0,554,552,,,,1232,12
10551501,757,55,1,1,5,5,5,,,370,757,4,1723,2587,6,1723,2587,0,0,0,555,553,,,,1851,18
10551502,758,55,1,1,5,5,5,,,370,758,4,1723,2587,6,1723,2587,0,0,0,555,553,,,,1851,18
10551503,759,55,1,1,5,5,5,,,370,759,4,1723,2587,6,1723,2587,0,0,0,555,553,,,,1851,18
10551504,760,55,2,2,5,5,5,,55151,370,760,1,52006,78009,0,0,0,0,0,0,555,553,,,,613,6
10551505,761,55,2,3,5,5,5,,55151,370,761,5,1206,1808,0,0,0,0,0,0,555,553,,,,613,6
10551506,762,55,2,4,5,5,5,,55151,370,762,27,1723,3460,29,1723,3460,30,1723,3460,555,553,,,,613,6
10551507,763,55,2,5,5,5,5,,55151,370,763,7,1206,1808,0,0,0,0,0,0,555,553,,,,613,6
10551508,764,55,2,6,5,5,5,,55151,370,764,13,2,160,0,0,0,0,0,0,555,553,,,,613,6
10551509,765,55,3,7,5,5,5,,55152,370,765,2,5193,7792,0,0,0,0,0,0,555,553,,,,1232,12
10551510,766,55,3,8,5,5,5,,55152,370,766,3,5193,7792,0,0,0,0,0,0,555,553,,,,1232,12
10551511,767,55,3,7,5,5,5,,55153,370,767,11,2,22,0,0,0,0,0,0,555,553,,,,1232,12
10551512,768,55,3,8,5,5,5,,55153,370,768,16,2,74,0,0,0,0,0,0,555,553,,,,1232,12
10551513,769,55,3,7,5,5,5,,55154,370,769,9,74,160,0,0,0,0,0,0,555,553,,,,1232,12
10551514,770,55,3,8,5,5,5,,55154,370,770,10,74,160,0,0,0,0,0,0,555,553,,,,1232,12
10601101,771,60,1,1,1,1,1,,,80,771,4,735,1108,6,735,1108,0,0,0,,,,,,,
10601102,772,60,1,1,1,1,1,,,80,772,4,735,1108,6,735,1108,0,0,0,,,,,,,
10601103,773,60,1,1,1,1,1,,,80,773,4,735,1108,6,735,1108,0,0,0,,,,,,,
10601104,774,60,2,2,1,1,1,,60111,80,774,1,22284,33430,0,0,0,0,0,0,,,,,,,
10601105,775,60,2,3,1,1,1,,60111,80,775,5,511,772,0,0,0,0,0,0,,,,,,,
10601106,776,60,2,4,1,1,1,,60111,80,776,27,735,1478,29,735,1478,30,735,1478,,,,,,,
10601107,777,60,2,5,1,1,1,,60111,80,777,7,511,772,0,0,0,0,0,0,,,,,,,
10601108,778,60,2,6,1,1,1,,60111,80,778,13,1,62,0,0,0,0,0,0,,,,,,,
10601109,779,60,3,7,1,1,1,,60112,80,779,2,2221,3334,0,0,0,0,0,0,,,,,,,
10601110,780,60,3,8,1,1,1,,60112,80,780,3,2221,3334,0,0,0,0,0,0,,,,,,,
10601111,781,60,3,7,1,1,1,,60113,80,781,11,1,2,0,0,0,0,0,0,,,,,,,
10601112,782,60,3,8,1,1,1,,60113,80,782,16,1,26,0,0,0,0,0,0,,,,,,,
10601113,783,60,3,7,1,1,1,,60114,80,783,9,26,62,0,0,0,0,0,0,,,,,,,
10601114,784,60,3,8,1,1,1,,60114,80,784,10,26,62,0,0,0,0,0,0,,,,,,,
10601201,785,60,1,1,2,2,2,,,150,785,4,882,1329,6,882,1329,0,0,0,602,601,,,,,
10601202,786,60,1,1,2,2,2,,,150,786,4,882,1329,6,882,1329,0,0,0,602,601,,,,,
10601203,787,60,1,1,2,2,2,,,150,787,4,882,1329,6,882,1329,0,0,0,602,601,,,,,
10601204,788,60,2,2,2,2,2,,60121,150,788,1,26740,40116,0,0,0,0,0,0,602,601,,,,,
10601205,789,60,2,3,2,2,2,,60121,150,789,5,613,926,0,0,0,0,0,0,602,601,,,,,
10601206,790,60,2,4,2,2,2,,60121,150,790,27,882,1773,29,882,1773,30,882,1773,602,601,,,,,
10601207,791,60,2,5,2,2,2,,60121,150,791,7,613,926,0,0,0,0,0,0,602,601,,,,,
10601208,792,60,2,6,2,2,2,,60121,150,792,13,1,74,0,0,0,0,0,0,602,601,,,,,
10601209,793,60,3,7,2,2,2,,60122,150,793,2,2665,4000,0,0,0,0,0,0,602,601,,,,,
10601210,794,60,3,8,2,2,2,,60122,150,794,3,2665,4000,0,0,0,0,0,0,602,601,,,,,
10601211,795,60,3,7,2,2,2,,60123,150,795,11,1,2,0,0,0,0,0,0,602,601,,,,,
10601212,796,60,3,8,2,2,2,,60123,150,796,16,1,31,0,0,0,0,0,0,602,601,,,,,
10601213,797,60,3,7,2,2,2,,60124,150,797,9,31,74,0,0,0,0,0,0,602,601,,,,,
10601214,798,60,3,8,2,2,2,,60124,150,798,10,31,74,0,0,0,0,0,0,602,601,,,,,
10601301,799,60,1,1,3,3,3,,,230,799,4,1108,1660,6,1108,1660,0,0,0,603,601,,,,2221,22
10601302,800,60,1,1,3,3,3,,,230,800,4,1108,1660,6,1108,1660,0,0,0,603,601,,,,2221,22
10601303,801,60,1,1,3,3,3,,,230,801,4,1108,1660,6,1108,1660,0,0,0,603,601,,,,2221,22
10601304,802,60,2,2,3,3,3,,60131,230,802,1,33430,50145,0,0,0,0,0,0,603,601,,,,735,7
10601305,803,60,2,3,3,3,3,,60131,230,803,5,772,1154,0,0,0,0,0,0,603,601,,,,735,7
10601306,804,60,2,4,3,3,3,,60131,230,804,27,1108,2221,29,1108,2221,30,1108,2221,603,601,,,,735,7
10601307,805,60,2,5,3,3,3,,60131,230,805,7,772,1154,0,0,0,0,0,0,603,601,,,,735,7
10601308,806,60,2,6,3,3,3,,60131,230,806,13,1,104,0,0,0,0,0,0,603,601,,,,735,7
10601309,807,60,3,7,3,3,3,,60132,230,807,2,3334,5006,0,0,0,0,0,0,603,601,,,,1478,14
10601310,808,60,3,8,3,3,3,,60132,230,808,3,3334,5006,0,0,0,0,0,0,603,601,,,,1478,14
10601311,809,60,3,7,3,3,3,,60133,230,809,11,1,3,0,0,0,0,0,0,603,601,,,,1478,14
10601312,810,60,3,8,3,3,3,,60133,230,810,16,1,37,0,0,0,0,0,0,603,601,,,,1478,14
10601313,811,60,3,7,3,3,3,,60134,230,811,9,37,104,0,0,0,0,0,0,603,601,,,,1478,14
10601314,812,60,3,8,3,3,3,,60134,230,812,10,37,104,0,0,0,0,0,0,603,601,,,,1478,14
10601401,813,60,1,1,4,4,4,,,310,813,4,1478,2221,6,1478,2221,0,0,0,604,602,,,,2221,22
10601402,814,60,1,1,4,4,4,,,310,814,4,1478,2221,6,1478,2221,0,0,0,604,602,,,,2221,22
10601403,815,60,1,1,4,4,4,,,310,815,4,1478,2221,6,1478,2221,0,0,0,604,602,,,,2221,22
10601404,816,60,2,2,4,4,4,,60141,310,816,1,44572,66864,0,0,0,0,0,0,604,602,,,,735,7
10601405,817,60,2,3,4,4,4,,60141,310,817,5,1030,1549,0,0,0,0,0,0,604,602,,,,735,7
10601406,818,60,2,4,4,4,4,,60141,310,818,27,1478,2964,29,1478,2964,30,1478,2964,604,602,,,,735,7
10601407,819,60,2,5,4,4,4,,60141,310,819,7,1030,1549,0,0,0,0,0,0,604,602,,,,735,7
10601408,820,60,2,6,4,4,4,,60141,310,820,13,2,134,0,0,0,0,0,0,604,602,,,,735,7
10601409,821,60,3,7,4,4,4,,60142,310,821,2,4449,6681,0,0,0,0,0,0,604,602,,,,1478,14
10601410,822,60,3,8,4,4,4,,60142,310,822,3,4449,6681,0,0,0,0,0,0,604,602,,,,1478,14
10601411,823,60,3,7,4,4,4,,60143,310,823,11,2,4,0,0,0,0,0,0,604,602,,,,1478,14
10601412,824,60,3,8,4,4,4,,60143,310,824,16,2,62,0,0,0,0,0,0,604,602,,,,1478,14
10601413,825,60,3,7,4,4,4,,60144,310,825,9,62,134,0,0,0,0,0,0,604,602,,,,1478,14
10601414,826,60,3,8,4,4,4,,60144,310,826,10,62,134,0,0,0,0,0,0,604,602,,,,1478,14
10601501,827,60,1,1,5,5,5,,,390,827,4,2067,3104,6,2067,3104,0,0,0,605,603,,,,2221,22
10601502,828,60,1,1,5,5,5,,,390,828,4,2067,3104,6,2067,3104,0,0,0,605,603,,,,2221,22
10601503,829,60,1,1,5,5,5,,,390,829,4,2067,3104,6,2067,3104,0,0,0,605,603,,,,2221,22
10601504,830,60,2,2,5,5,5,,60151,390,830,1,62407,93610,0,0,0,0,0,0,605,603,,,,735,7
10601505,831,60,2,3,5,5,5,,60151,390,831,5,1447,2169,0,0,0,0,0,0,605,603,,,,735,7
10601506,832,60,2,4,5,5,5,,60151,390,832,27,2067,4152,29,2067,4152,30,2067,4152,605,603,,,,735,7
10601507,833,60,2,5,5,5,5,,60151,390,833,7,1447,2169,0,0,0,0,0,0,605,603,,,,735,7
10601508,834,60,2,6,5,5,5,,60151,390,834,13,2,192,0,0,0,0,0,0,605,603,,,,735,7
10601509,835,60,3,7,5,5,5,,60152,390,835,2,6231,9350,0,0,0,0,0,0,605,603,,,,1478,14
10601510,836,60,3,8,5,5,5,,60152,390,836,3,6231,9350,0,0,0,0,0,0,605,603,,,,1478,14
10601511,837,60,3,7,5,5,5,,60153,390,837,11,2,26,0,0,0,0,0,0,605,603,,,,1478,14
10601512,838,60,3,8,5,5,5,,60153,390,838,16,2,88,0,0,0,0,0,0,605,603,,,,1478,14
10601513,839,60,3,7,5,5,5,,60154,390,839,9,88,192,0,0,0,0,0,0,605,603,,,,1478,14
10601514,840,60,3,8,5,5,5,,60154,390,840,10,88,192,0,0,0,0,0,0,605,603,,,,1478,14
10651101,841,65,1,1,1,1,1,,,80,841,4,882,1329,6,882,1329,0,0,0,,,,,,,
10651102,842,65,1,1,1,1,1,,,80,842,4,882,1329,6,882,1329,0,0,0,,,,,,,
10651103,843,65,1,1,1,1,1,,,80,843,4,882,1329,6,882,1329,0,0,0,,,,,,,
10651104,844,65,2,2,1,1,1,,65111,80,844,1,26740,40116,0,0,0,0,0,0,,,,,,,
10651105,845,65,2,3,1,1,1,,65111,80,845,5,613,926,0,0,0,0,0,0,,,,,,,
10651106,846,65,2,4,1,1,1,,65111,80,846,27,882,1773,29,882,1773,30,882,1773,,,,,,,
10651107,847,65,2,5,1,1,1,,65111,80,847,7,613,926,0,0,0,0,0,0,,,,,,,
10651108,848,65,2,6,1,1,1,,65111,80,848,13,1,74,0,0,0,0,0,0,,,,,,,
10651109,849,65,3,7,1,1,1,,65112,80,849,2,2665,4000,0,0,0,0,0,0,,,,,,,
10651110,850,65,3,8,1,1,1,,65112,80,850,3,2665,4000,0,0,0,0,0,0,,,,,,,
10651111,851,65,3,7,1,1,1,,65113,80,851,11,1,2,0,0,0,0,0,0,,,,,,,
10651112,852,65,3,8,1,1,1,,65113,80,852,16,1,31,0,0,0,0,0,0,,,,,,,
10651113,853,65,3,7,1,1,1,,65114,80,853,9,31,74,0,0,0,0,0,0,,,,,,,
10651114,854,65,3,8,1,1,1,,65114,80,854,10,31,74,0,0,0,0,0,0,,,,,,,
10651201,855,65,1,1,2,2,2,,,160,855,4,1058,1594,6,1058,1594,0,0,0,652,651,,,,,
10651202,856,65,1,1,2,2,2,,,160,856,4,1058,1594,6,1058,1594,0,0,0,652,651,,,,,
10651203,857,65,1,1,2,2,2,,,160,857,4,1058,1594,6,1058,1594,0,0,0,652,651,,,,,
10651204,858,65,2,2,2,2,2,,65121,160,858,1,32088,48139,0,0,0,0,0,0,652,651,,,,,
10651205,859,65,2,3,2,2,2,,65121,160,859,5,735,1111,0,0,0,0,0,0,652,651,,,,,
10651206,860,65,2,4,2,2,2,,65121,160,860,27,1058,2127,29,1058,2127,30,1058,2127,652,651,,,,,
10651207,861,65,2,5,2,2,2,,65121,160,861,7,735,1111,0,0,0,0,0,0,652,651,,,,,
10651208,862,65,2,6,2,2,2,,65121,160,862,13,1,88,0,0,0,0,0,0,652,651,,,,,
10651209,863,65,3,7,2,2,2,,65122,160,863,2,3198,4800,0,0,0,0,0,0,652,651,,,,,
10651210,864,65,3,8,2,2,2,,65122,160,864,3,3198,4800,0,0,0,0,0,0,652,651,,,,,
10651211,865,65,3,7,2,2,2,,65123,160,865,11,1,2,0,0,0,0,0,0,652,651,,,,,
10651212,866,65,3,8,2,2,2,,65123,160,866,16,1,37,0,0,0,0,0,0,652,651,,,,,
10651213,867,65,3,7,2,2,2,,65124,160,867,9,37,88,0,0,0,0,0,0,652,651,,,,,
10651214,868,65,3,8,2,2,2,,65124,160,868,10,37,88,0,0,0,0,0,0,652,651,,,,,
10651301,869,65,1,1,3,3,3,,,240,869,4,1329,1992,6,1329,1992,0,0,0,653,651,,,,2665,26
10651302,870,65,1,1,3,3,3,,,240,870,4,1329,1992,6,1329,1992,0,0,0,653,651,,,,2665,26
10651303,871,65,1,1,3,3,3,,,240,871,4,1329,1992,6,1329,1992,0,0,0,653,651,,,,2665,26
10651304,872,65,2,2,3,3,3,,65131,240,872,1,40116,60174,0,0,0,0,0,0,653,651,,,,882,8
10651305,873,65,2,3,3,3,3,,65131,240,873,5,926,1384,0,0,0,0,0,0,653,651,,,,882,8
10651306,874,65,2,4,3,3,3,,65131,240,874,27,1329,2665,29,1329,2665,30,1329,2665,653,651,,,,882,8
10651307,875,65,2,5,3,3,3,,65131,240,875,7,926,1384,0,0,0,0,0,0,653,651,,,,882,8
10651308,876,65,2,6,3,3,3,,65131,240,876,13,1,124,0,0,0,0,0,0,653,651,,,,882,8
10651309,877,65,3,7,3,3,3,,65132,240,877,2,4000,6007,0,0,0,0,0,0,653,651,,,,1773,17
10651310,878,65,3,8,3,3,3,,65132,240,878,3,4000,6007,0,0,0,0,0,0,653,651,,,,1773,17
10651311,879,65,3,7,3,3,3,,65133,240,879,11,1,3,0,0,0,0,0,0,653,651,,,,1773,17
10651312,880,65,3,8,3,3,3,,65133,240,880,16,1,44,0,0,0,0,0,0,653,651,,,,1773,17
10651313,881,65,3,7,3,3,3,,65134,240,881,9,44,124,0,0,0,0,0,0,653,651,,,,1773,17
10651314,882,65,3,8,3,3,3,,65134,240,882,10,44,124,0,0,0,0,0,0,653,651,,,,1773,17
10651401,883,65,1,1,4,4,4,,,320,883,4,1773,2665,6,1773,2665,0,0,0,654,652,,,,2665,26
10651402,884,65,1,1,4,4,4,,,320,884,4,1773,2665,6,1773,2665,0,0,0,654,652,,,,2665,26
10651403,885,65,1,1,4,4,4,,,320,885,4,1773,2665,6,1773,2665,0,0,0,654,652,,,,2665,26
10651404,886,65,2,2,4,4,4,,65141,320,886,1,53486,80236,0,0,0,0,0,0,654,652,,,,882,8
10651405,887,65,2,3,4,4,4,,65141,320,887,5,1236,1858,0,0,0,0,0,0,654,652,,,,882,8
10651406,888,65,2,4,4,4,4,,65141,320,888,27,1773,3556,29,1773,3556,30,1773,3556,654,652,,,,882,8
10651407,889,65,2,5,4,4,4,,65141,320,889,7,1236,1858,0,0,0,0,0,0,654,652,,,,882,8
10651408,890,65,2,6,4,4,4,,65141,320,890,13,2,160,0,0,0,0,0,0,654,652,,,,882,8
10651409,891,65,3,7,4,4,4,,65142,320,891,2,5338,8017,0,0,0,0,0,0,654,652,,,,1773,17
10651410,892,65,3,8,4,4,4,,65142,320,892,3,5338,8017,0,0,0,0,0,0,654,652,,,,1773,17
10651411,893,65,3,7,4,4,4,,65143,320,893,11,2,4,0,0,0,0,0,0,654,652,,,,1773,17
10651412,894,65,3,8,4,4,4,,65143,320,894,16,2,74,0,0,0,0,0,0,654,652,,,,1773,17
10651413,895,65,3,7,4,4,4,,65144,320,895,9,74,160,0,0,0,0,0,0,654,652,,,,1773,17
10651414,896,65,3,8,4,4,4,,65144,320,896,10,74,160,0,0,0,0,0,0,654,652,,,,1773,17
10651501,897,65,1,1,5,5,5,,,400,897,4,2480,3724,6,2480,3724,0,0,0,655,653,,,,2665,26
10651502,898,65,1,1,5,5,5,,,400,898,4,2480,3724,6,2480,3724,0,0,0,655,653,,,,2665,26
10651503,899,65,1,1,5,5,5,,,400,899,4,2480,3724,6,2480,3724,0,0,0,655,653,,,,2665,26
10651504,900,65,2,2,5,5,5,,65151,400,900,1,74888,112332,0,0,0,0,0,0,655,653,,,,882,8
10651505,901,65,2,3,5,5,5,,65151,400,901,5,1736,2602,0,0,0,0,0,0,655,653,,,,882,8
10651506,902,65,2,4,5,5,5,,65151,400,902,27,2480,4982,29,2480,4982,30,2480,4982,655,653,,,,882,8
10651507,903,65,2,5,5,5,5,,65151,400,903,7,1736,2602,0,0,0,0,0,0,655,653,,,,882,8
10651508,904,65,2,6,5,5,5,,65151,400,904,13,2,230,0,0,0,0,0,0,655,653,,,,882,8
10651509,905,65,3,7,5,5,5,,65152,400,905,2,7477,11220,0,0,0,0,0,0,655,653,,,,1773,17
10651510,906,65,3,8,5,5,5,,65152,400,906,3,7477,11220,0,0,0,0,0,0,655,653,,,,1773,17
10651511,907,65,3,7,5,5,5,,65153,400,907,11,2,31,0,0,0,0,0,0,655,653,,,,1773,17
10651512,908,65,3,8,5,5,5,,65153,400,908,16,2,105,0,0,0,0,0,0,655,653,,,,1773,17
10651513,909,65,3,7,5,5,5,,65154,400,909,9,105,230,0,0,0,0,0,0,655,653,,,,1773,17
10651514,910,65,3,8,5,5,5,,65154,400,910,10,105,230,0,0,0,0,0,0,655,653,,,,1773,17
10701101,911,70,1,1,1,1,1,,,80,911,4,1058,1594,6,1058,1594,0,0,0,,,,,,,
10701102,912,70,1,1,1,1,1,,,80,912,4,1058,1594,6,1058,1594,0,0,0,,,,,,,
10701103,913,70,1,1,1,1,1,,,80,913,4,1058,1594,6,1058,1594,0,0,0,,,,,,,
10701104,914,70,2,2,1,1,1,,70111,80,914,1,32088,48139,0,0,0,0,0,0,,,,,,,
10701105,915,70,2,3,1,1,1,,70111,80,915,5,735,1111,0,0,0,0,0,0,,,,,,,
10701106,916,70,2,4,1,1,1,,70111,80,916,27,1058,2127,29,1058,2127,30,1058,2127,,,,,,,
10701107,917,70,2,5,1,1,1,,70111,80,917,7,735,1111,0,0,0,0,0,0,,,,,,,
10701108,918,70,2,6,1,1,1,,70111,80,918,13,1,88,0,0,0,0,0,0,,,,,,,
10701109,919,70,3,7,1,1,1,,70112,80,919,2,3198,4800,0,0,0,0,0,0,,,,,,,
10701110,920,70,3,8,1,1,1,,70112,80,920,3,3198,4800,0,0,0,0,0,0,,,,,,,
10701111,921,70,3,7,1,1,1,,70113,80,921,11,1,2,0,0,0,0,0,0,,,,,,,
10701112,922,70,3,8,1,1,1,,70113,80,922,16,1,37,0,0,0,0,0,0,,,,,,,
10701113,923,70,3,7,1,1,1,,70114,80,923,9,37,88,0,0,0,0,0,0,,,,,,,
10701114,924,70,3,8,1,1,1,,70114,80,924,10,37,88,0,0,0,0,0,0,,,,,,,
10701201,925,70,1,1,2,2,2,,,170,925,4,1269,1912,6,1269,1912,0,0,0,702,701,,,,,
10701202,926,70,1,1,2,2,2,,,170,926,4,1269,1912,6,1269,1912,0,0,0,702,701,,,,,
10701203,927,70,1,1,2,2,2,,,170,927,4,1269,1912,6,1269,1912,0,0,0,702,701,,,,,
10701204,928,70,2,2,2,2,2,,70121,170,928,1,38505,57766,0,0,0,0,0,0,702,701,,,,,
10701205,929,70,2,3,2,2,2,,70121,170,929,5,882,1333,0,0,0,0,0,0,702,701,,,,,
10701206,930,70,2,4,2,2,2,,70121,170,930,27,1269,2552,29,1269,2552,30,1269,2552,702,701,,,,,
10701207,931,70,2,5,2,2,2,,70121,170,931,7,882,1333,0,0,0,0,0,0,702,701,,,,,
10701208,932,70,2,6,2,2,2,,70121,170,932,13,1,105,0,0,0,0,0,0,702,701,,,,,
10701209,933,70,3,7,2,2,2,,70122,170,933,2,3837,5760,0,0,0,0,0,0,702,701,,,,,
10701210,934,70,3,8,2,2,2,,70122,170,934,3,3837,5760,0,0,0,0,0,0,702,701,,,,,
10701211,935,70,3,7,2,2,2,,70123,170,935,11,1,2,0,0,0,0,0,0,702,701,,,,,
10701212,936,70,3,8,2,2,2,,70123,170,936,16,1,44,0,0,0,0,0,0,702,701,,,,,
10701213,937,70,3,7,2,2,2,,70124,170,937,9,44,105,0,0,0,0,0,0,702,701,,,,,
10701214,938,70,3,8,2,2,2,,70124,170,938,10,44,105,0,0,0,0,0,0,702,701,,,,,
10701301,939,70,1,1,3,3,3,,,250,939,4,1594,2390,6,1594,2390,0,0,0,703,701,,,,3198,31
10701302,940,70,1,1,3,3,3,,,250,940,4,1594,2390,6,1594,2390,0,0,0,703,701,,,,3198,31
10701303,941,70,1,1,3,3,3,,,250,941,4,1594,2390,6,1594,2390,0,0,0,703,701,,,,3198,31
10701304,942,70,2,2,3,3,3,,70131,250,942,1,48139,72208,0,0,0,0,0,0,703,701,,,,1058,10
10701305,943,70,2,3,3,3,3,,70131,250,943,5,1111,1660,0,0,0,0,0,0,703,701,,,,1058,10
10701306,944,70,2,4,3,3,3,,70131,250,944,27,1594,3198,29,1594,3198,30,1594,3198,703,701,,,,1058,10
10701307,945,70,2,5,3,3,3,,70131,250,945,7,1111,1660,0,0,0,0,0,0,703,701,,,,1058,10
10701308,946,70,2,6,3,3,3,,70131,250,946,13,1,148,0,0,0,0,0,0,703,701,,,,1058,10
10701309,947,70,3,7,3,3,3,,70132,250,947,2,4800,7208,0,0,0,0,0,0,703,701,,,,2127,21
10701310,948,70,3,8,3,3,3,,70132,250,948,3,4800,7208,0,0,0,0,0,0,703,701,,,,2127,21
10701311,949,70,3,7,3,3,3,,70133,250,949,11,1,3,0,0,0,0,0,0,703,701,,,,2127,21
10701312,950,70,3,8,3,3,3,,70133,250,950,16,1,52,0,0,0,0,0,0,703,701,,,,2127,21
10701313,951,70,3,7,3,3,3,,70134,250,951,9,52,148,0,0,0,0,0,0,703,701,,,,2127,21
10701314,952,70,3,8,3,3,3,,70134,250,952,10,52,148,0,0,0,0,0,0,703,701,,,,2127,21
10701401,953,70,1,1,4,4,4,,,330,953,4,2127,3198,6,2127,3198,0,0,0,704,702,,,,3198,31
10701402,954,70,1,1,4,4,4,,,330,954,4,2127,3198,6,2127,3198,0,0,0,704,702,,,,3198,31
10701403,955,70,1,1,4,4,4,,,330,955,4,2127,3198,6,2127,3198,0,0,0,704,702,,,,3198,31
10701404,956,70,2,2,4,4,4,,70141,330,956,1,64183,96283,0,0,0,0,0,0,704,702,,,,1058,10
10701405,957,70,2,3,4,4,4,,70141,330,957,5,1483,2229,0,0,0,0,0,0,704,702,,,,1058,10
10701406,958,70,2,4,4,4,4,,70141,330,958,27,2127,4267,29,2127,4267,30,2127,4267,704,702,,,,1058,10
10701407,959,70,2,5,4,4,4,,70141,330,959,7,1483,2229,0,0,0,0,0,0,704,702,,,,1058,10
10701408,960,70,2,6,4,4,4,,70141,330,960,13,2,192,0,0,0,0,0,0,704,702,,,,1058,10
10701409,961,70,3,7,4,4,4,,70142,330,961,2,6405,9620,0,0,0,0,0,0,704,702,,,,2127,21
10701410,962,70,3,8,4,4,4,,70142,330,962,3,6405,9620,0,0,0,0,0,0,704,702,,,,2127,21
10701411,963,70,3,7,4,4,4,,70143,330,963,11,2,4,0,0,0,0,0,0,704,702,,,,2127,21
10701412,964,70,3,8,4,4,4,,70143,330,964,16,2,88,0,0,0,0,0,0,704,702,,,,2127,21
10701413,965,70,3,7,4,4,4,,70144,330,965,9,88,192,0,0,0,0,0,0,704,702,,,,2127,21
10701414,966,70,3,8,4,4,4,,70144,330,966,10,88,192,0,0,0,0,0,0,704,702,,,,2127,21
10701501,967,70,1,1,5,5,5,,,420,967,4,2976,4468,6,2976,4468,0,0,0,705,703,,,,3198,31
10701502,968,70,1,1,5,5,5,,,420,968,4,2976,4468,6,2976,4468,0,0,0,705,703,,,,3198,31
10701503,969,70,1,1,5,5,5,,,420,969,4,2976,4468,6,2976,4468,0,0,0,705,703,,,,3198,31
10701504,970,70,2,2,5,5,5,,70151,420,970,1,89865,134798,0,0,0,0,0,0,705,703,,,,1058,10
10701505,971,70,2,3,5,5,5,,70151,420,971,5,2083,3122,0,0,0,0,0,0,705,703,,,,1058,10
10701506,972,70,2,4,5,5,5,,70151,420,972,27,2976,5978,29,2976,5978,30,2976,5978,705,703,,,,1058,10
10701507,973,70,2,5,5,5,5,,70151,420,973,7,2083,3122,0,0,0,0,0,0,705,703,,,,1058,10
10701508,974,70,2,6,5,5,5,,70151,420,974,13,2,276,0,0,0,0,0,0,705,703,,,,1058,10
10701509,975,70,3,7,5,5,5,,70152,420,975,2,8972,13464,0,0,0,0,0,0,705,703,,,,2127,21
10701510,976,70,3,8,5,5,5,,70152,420,976,3,8972,13464,0,0,0,0,0,0,705,703,,,,2127,21
10701511,977,70,3,7,5,5,5,,70153,420,977,11,2,37,0,0,0,0,0,0,705,703,,,,2127,21
10701512,978,70,3,8,5,5,5,,70153,420,978,16,2,126,0,0,0,0,0,0,705,703,,,,2127,21
10701513,979,70,3,7,5,5,5,,70154,420,979,9,126,276,0,0,0,0,0,0,705,703,,,,2127,21
10701514,980,70,3,8,5,5,5,,70154,420,980,10,126,276,0,0,0,0,0,0,705,703,,,,2127,21
10751101,981,75,1,1,1,1,1,,,90,981,4,1269,1912,6,1269,1912,0,0,0,,,,,,,
10751102,982,75,1,1,1,1,1,,,90,982,4,1269,1912,6,1269,1912,0,0,0,,,,,,,
10751103,983,75,1,1,1,1,1,,,90,983,4,1269,1912,6,1269,1912,0,0,0,,,,,,,
10751104,984,75,2,2,1,1,1,,75111,90,984,1,38505,57766,0,0,0,0,0,0,,,,,,,
10751105,985,75,2,3,1,1,1,,75111,90,985,5,882,1333,0,0,0,0,0,0,,,,,,,
10751106,986,75,2,4,1,1,1,,75111,90,986,27,1269,2552,29,1269,2552,30,1269,2552,,,,,,,
10751107,987,75,2,5,1,1,1,,75111,90,987,7,882,1333,0,0,0,0,0,0,,,,,,,
10751108,988,75,2,6,1,1,1,,75111,90,988,13,1,105,0,0,0,0,0,0,,,,,,,
10751109,989,75,3,7,1,1,1,,75112,90,989,2,3837,5760,0,0,0,0,0,0,,,,,,,
10751110,990,75,3,8,1,1,1,,75112,90,990,3,3837,5760,0,0,0,0,0,0,,,,,,,
10751111,991,75,3,7,1,1,1,,75113,90,991,11,1,2,0,0,0,0,0,0,,,,,,,
10751112,992,75,3,8,1,1,1,,75113,90,992,16,1,44,0,0,0,0,0,0,,,,,,,
10751113,993,75,3,7,1,1,1,,75114,90,993,9,44,105,0,0,0,0,0,0,,,,,,,
10751114,994,75,3,8,1,1,1,,75114,90,994,10,44,105,0,0,0,0,0,0,,,,,,,
10751201,995,75,1,1,2,2,2,,,170,995,4,1522,2294,6,1522,2294,0,0,0,752,751,,,,,
10751202,996,75,1,1,2,2,2,,,170,996,4,1522,2294,6,1522,2294,0,0,0,752,751,,,,,
10751203,997,75,1,1,2,2,2,,,170,997,4,1522,2294,6,1522,2294,0,0,0,752,751,,,,,
10751204,998,75,2,2,2,2,2,,75121,170,998,1,46206,69319,0,0,0,0,0,0,752,751,,,,,
10751205,999,75,2,3,2,2,2,,75121,170,999,5,1058,1599,0,0,0,0,0,0,752,751,,,,,
10751206,1000,75,2,4,2,2,2,,75121,170,1000,27,1522,3062,29,1522,3062,30,1522,3062,752,751,,,,,
10751207,1001,75,2,5,2,2,2,,75121,170,1001,7,1058,1599,0,0,0,0,0,0,752,751,,,,,
10751208,1002,75,2,6,2,2,2,,75121,170,1002,13,1,126,0,0,0,0,0,0,752,751,,,,,
10751209,1003,75,3,7,2,2,2,,75122,170,1003,2,4604,6912,0,0,0,0,0,0,752,751,,,,,
10751210,1004,75,3,8,2,2,2,,75122,170,1004,3,4604,6912,0,0,0,0,0,0,752,751,,,,,
10751211,1005,75,3,7,2,2,2,,75123,170,1005,11,1,2,0,0,0,0,0,0,752,751,,,,,
10751212,1006,75,3,8,2,2,2,,75123,170,1006,16,1,52,0,0,0,0,0,0,752,751,,,,,
10751213,1007,75,3,7,2,2,2,,75124,170,1007,9,52,126,0,0,0,0,0,0,752,751,,,,,
10751214,1008,75,3,8,2,2,2,,75124,170,1008,10,52,126,0,0,0,0,0,0,752,751,,,,,
10751301,1009,75,1,1,3,3,3,,,260,1009,4,1912,2868,6,1912,2868,0,0,0,753,751,,,,3837,38
10751302,1010,75,1,1,3,3,3,,,260,1010,4,1912,2868,6,1912,2868,0,0,0,753,751,,,,3837,38
10751303,1011,75,1,1,3,3,3,,,260,1011,4,1912,2868,6,1912,2868,0,0,0,753,751,,,,3837,38
10751304,1012,75,2,2,3,3,3,,75131,260,1012,1,57766,86649,0,0,0,0,0,0,753,751,,,,1269,12
10751305,1013,75,2,3,3,3,3,,75131,260,1013,5,1333,1992,0,0,0,0,0,0,753,751,,,,1269,12
10751306,1014,75,2,4,3,3,3,,75131,260,1014,27,1912,3837,29,1912,3837,30,1912,3837,753,751,,,,1269,12
10751307,1015,75,2,5,3,3,3,,75131,260,1015,7,1333,1992,0,0,0,0,0,0,753,751,,,,1269,12
10751308,1016,75,2,6,3,3,3,,75131,260,1016,13,1,177,0,0,0,0,0,0,753,751,,,,1269,12
10751309,1017,75,3,7,3,3,3,,75132,260,1017,2,5760,8649,0,0,0,0,0,0,753,751,,,,2552,25
10751310,1018,75,3,8,3,3,3,,75132,260,1018,3,5760,8649,0,0,0,0,0,0,753,751,,,,2552,25
10751311,1019,75,3,7,3,3,3,,75133,260,1019,11,1,3,0,0,0,0,0,0,753,751,,,,2552,25
10751312,1020,75,3,8,3,3,3,,75133,260,1020,16,1,62,0,0,0,0,0,0,753,751,,,,2552,25
10751313,1021,75,3,7,3,3,3,,75134,260,1021,9,62,177,0,0,0,0,0,0,753,751,,,,2552,25
10751314,1022,75,3,8,3,3,3,,75134,260,1022,10,62,177,0,0,0,0,0,0,753,751,,,,2552,25
10751401,1023,75,1,1,4,4,4,,,350,1023,4,2552,3837,6,2552,3837,0,0,0,754,752,,,,3837,38
10751402,1024,75,1,1,4,4,4,,,350,1024,4,2552,3837,6,2552,3837,0,0,0,754,752,,,,3837,38
10751403,1025,75,1,1,4,4,4,,,350,1025,4,2552,3837,6,2552,3837,0,0,0,754,752,,,,3837,38
10751404,1026,75,2,2,4,4,4,,75141,350,1026,1,77019,115539,0,0,0,0,0,0,754,752,,,,1269,12
10751405,1027,75,2,3,4,4,4,,75141,350,1027,5,1779,2674,0,0,0,0,0,0,754,752,,,,1269,12
10751406,1028,75,2,4,4,4,4,,75141,350,1028,27,2552,5120,29,2552,5120,30,2552,5120,754,752,,,,1269,12
10751407,1029,75,2,5,4,4,4,,75141,350,1029,7,1779,2674,0,0,0,0,0,0,754,752,,,,1269,12
10751408,1030,75,2,6,4,4,4,,75141,350,1030,13,2,230,0,0,0,0,0,0,754,752,,,,1269,12
10751409,1031,75,3,7,4,4,4,,75142,350,1031,2,7686,11544,0,0,0,0,0,0,754,752,,,,2552,25
10751410,1032,75,3,8,4,4,4,,75142,350,1032,3,7686,11544,0,0,0,0,0,0,754,752,,,,2552,25
10751411,1033,75,3,7,4,4,4,,75143,350,1033,11,2,4,0,0,0,0,0,0,754,752,,,,2552,25
10751412,1034,75,3,8,4,4,4,,75143,350,1034,16,2,105,0,0,0,0,0,0,754,752,,,,2552,25
10751413,1035,75,3,7,4,4,4,,75144,350,1035,9,105,230,0,0,0,0,0,0,754,752,,,,2552,25
10751414,1036,75,3,8,4,4,4,,75144,350,1036,10,105,230,0,0,0,0,0,0,754,752,,,,2552,25
10751501,1037,75,1,1,5,5,5,,,430,1037,4,3571,5361,6,3571,5361,0,0,0,755,753,,,,3837,38
10751502,1038,75,1,1,5,5,5,,,430,1038,4,3571,5361,6,3571,5361,0,0,0,755,753,,,,3837,38
10751503,1039,75,1,1,5,5,5,,,430,1039,4,3571,5361,6,3571,5361,0,0,0,755,753,,,,3837,38
10751504,1040,75,2,2,5,5,5,,75151,430,1040,1,107838,161757,0,0,0,0,0,0,755,753,,,,1269,12
10751505,1041,75,2,3,5,5,5,,75151,430,1041,5,2499,3746,0,0,0,0,0,0,755,753,,,,1269,12
10751506,1042,75,2,4,5,5,5,,75151,430,1042,27,3571,7173,29,3571,7173,30,3571,7173,755,753,,,,1269,12
10751507,1043,75,2,5,5,5,5,,75151,430,1043,7,2499,3746,0,0,0,0,0,0,755,753,,,,1269,12
10751508,1044,75,2,6,5,5,5,,75151,430,1044,13,2,331,0,0,0,0,0,0,755,753,,,,1269,12
10751509,1045,75,3,7,5,5,5,,75152,430,1045,2,10766,16156,0,0,0,0,0,0,755,753,,,,2552,25
10751510,1046,75,3,8,5,5,5,,75152,430,1046,3,10766,16156,0,0,0,0,0,0,755,753,,,,2552,25
10751511,1047,75,3,7,5,5,5,,75153,430,1047,11,2,44,0,0,0,0,0,0,755,753,,,,2552,25
10751512,1048,75,3,8,5,5,5,,75153,430,1048,16,2,151,0,0,0,0,0,0,755,753,,,,2552,25
10751513,1049,75,3,7,5,5,5,,75154,430,1049,9,151,331,0,0,0,0,0,0,755,753,,,,2552,25
10751514,1050,75,3,8,5,5,5,,75154,430,1050,10,151,331,0,0,0,0,0,0,755,753,,,,2552,25
10801101,1051,80,1,1,1,1,1,,,90,1051,4,1522,2294,6,1522,2294,0,0,0,,,,,,,
10801102,1052,80,1,1,1,1,1,,,90,1052,4,1522,2294,6,1522,2294,0,0,0,,,,,,,
10801103,1053,80,1,1,1,1,1,,,90,1053,4,1522,2294,6,1522,2294,0,0,0,,,,,,,
10801104,1054,80,2,2,1,1,1,,80111,90,1054,1,46206,69319,0,0,0,0,0,0,,,,,,,
10801105,1055,80,2,3,1,1,1,,80111,90,1055,5,1058,1599,0,0,0,0,0,0,,,,,,,
10801106,1056,80,2,4,1,1,1,,80111,90,1056,27,1522,3062,29,1522,3062,30,1522,3062,,,,,,,
10801107,1057,80,2,5,1,1,1,,80111,90,1057,7,1058,1599,0,0,0,0,0,0,,,,,,,
10801108,1058,80,2,6,1,1,1,,80111,90,1058,13,1,126,0,0,0,0,0,0,,,,,,,
10801109,1059,80,3,7,1,1,1,,80112,90,1059,2,4604,6912,0,0,0,0,0,0,,,,,,,
10801110,1060,80,3,8,1,1,1,,80112,90,1060,3,4604,6912,0,0,0,0,0,0,,,,,,,
10801111,1061,80,3,7,1,1,1,,80113,90,1061,11,1,2,0,0,0,0,0,0,,,,,,,
10801112,1062,80,3,8,1,1,1,,80113,90,1062,16,1,52,0,0,0,0,0,0,,,,,,,
10801113,1063,80,3,7,1,1,1,,80114,90,1063,9,52,126,0,0,0,0,0,0,,,,,,,
10801114,1064,80,3,8,1,1,1,,80114,90,1064,10,52,126,0,0,0,0,0,0,,,,,,,
10801201,1065,80,1,1,2,2,2,,,180,1065,4,1826,2752,6,1826,2752,0,0,0,802,801,,,,,
10801202,1066,80,1,1,2,2,2,,,180,1066,4,1826,2752,6,1826,2752,0,0,0,802,801,,,,,
10801203,1067,80,1,1,2,2,2,,,180,1067,4,1826,2752,6,1826,2752,0,0,0,802,801,,,,,
10801204,1068,80,2,2,2,2,2,,80121,180,1068,1,55447,83182,0,0,0,0,0,0,802,801,,,,,
10801205,1069,80,2,3,2,2,2,,80121,180,1069,5,1269,1918,0,0,0,0,0,0,802,801,,,,,
10801206,1070,80,2,4,2,2,2,,80121,180,1070,27,1826,3674,29,1826,3674,30,1826,3674,802,801,,,,,
10801207,1071,80,2,5,2,2,2,,80121,180,1071,7,1269,1918,0,0,0,0,0,0,802,801,,,,,
10801208,1072,80,2,6,2,2,2,,80121,180,1072,13,1,151,0,0,0,0,0,0,802,801,,,,,
10801209,1073,80,3,7,2,2,2,,80122,180,1073,2,5524,8294,0,0,0,0,0,0,802,801,,,,,
10801210,1074,80,3,8,2,2,2,,80122,180,1074,3,5524,8294,0,0,0,0,0,0,802,801,,,,,
10801211,1075,80,3,7,2,2,2,,80123,180,1075,11,1,2,0,0,0,0,0,0,802,801,,,,,
10801212,1076,80,3,8,2,2,2,,80123,180,1076,16,1,62,0,0,0,0,0,0,802,801,,,,,
10801213,1077,80,3,7,2,2,2,,80124,180,1077,9,62,151,0,0,0,0,0,0,802,801,,,,,
10801214,1078,80,3,8,2,2,2,,80124,180,1078,10,62,151,0,0,0,0,0,0,802,801,,,,,
10801301,1079,80,1,1,3,3,3,,,270,1079,4,2294,3441,6,2294,3441,0,0,0,803,801,,,,4604,46
10801302,1080,80,1,1,3,3,3,,,270,1080,4,2294,3441,6,2294,3441,0,0,0,803,801,,,,4604,46
10801303,1081,80,1,1,3,3,3,,,270,1081,4,2294,3441,6,2294,3441,0,0,0,803,801,,,,4604,46
10801304,1082,80,2,2,3,3,3,,80131,270,1082,1,69319,103978,0,0,0,0,0,0,803,801,,,,1522,15
10801305,1083,80,2,3,3,3,3,,80131,270,1083,5,1599,2390,0,0,0,0,0,0,803,801,,,,1522,15
10801306,1084,80,2,4,3,3,3,,80131,270,1084,27,2294,4604,29,2294,4604,30,2294,4604,803,801,,,,1522,15
10801307,1085,80,2,5,3,3,3,,80131,270,1085,7,1599,2390,0,0,0,0,0,0,803,801,,,,1522,15
10801308,1086,80,2,6,3,3,3,,80131,270,1086,13,1,212,0,0,0,0,0,0,803,801,,,,1522,15
10801309,1087,80,3,7,3,3,3,,80132,270,1087,2,6912,10378,0,0,0,0,0,0,803,801,,,,3062,30
10801310,1088,80,3,8,3,3,3,,80132,270,1088,3,6912,10378,0,0,0,0,0,0,803,801,,,,3062,30
10801311,1089,80,3,7,3,3,3,,80133,270,1089,11,1,3,0,0,0,0,0,0,803,801,,,,3062,30
10801312,1090,80,3,8,3,3,3,,80133,270,1090,16,1,74,0,0,0,0,0,0,803,801,,,,3062,30
10801313,1091,80,3,7,3,3,3,,80134,270,1091,9,74,212,0,0,0,0,0,0,803,801,,,,3062,30
10801314,1092,80,3,8,3,3,3,,80134,270,1092,10,74,212,0,0,0,0,0,0,803,801,,,,3062,30
10801401,1093,80,1,1,4,4,4,,,360,1093,4,3062,4604,6,3062,4604,0,0,0,804,802,,,,4604,46
10801402,1094,80,1,1,4,4,4,,,360,1094,4,3062,4604,6,3062,4604,0,0,0,804,802,,,,4604,46
10801403,1095,80,1,1,4,4,4,,,360,1095,4,3062,4604,6,3062,4604,0,0,0,804,802,,,,4604,46
10801404,1096,80,2,2,4,4,4,,80141,360,1096,1,92422,138646,0,0,0,0,0,0,804,802,,,,1522,15
10801405,1097,80,2,3,4,4,4,,80141,360,1097,5,2134,3208,0,0,0,0,0,0,804,802,,,,1522,15
10801406,1098,80,2,4,4,4,4,,80141,360,1098,27,3062,6144,29,3062,6144,30,3062,6144,804,802,,,,1522,15
10801407,1099,80,2,5,4,4,4,,80141,360,1099,7,2134,3208,0,0,0,0,0,0,804,802,,,,1522,15
10801408,1100,80,2,6,4,4,4,,80141,360,1100,13,2,276,0,0,0,0,0,0,804,802,,,,1522,15
10801409,1101,80,3,7,4,4,4,,80142,360,1101,2,9223,13852,0,0,0,0,0,0,804,802,,,,3062,30
10801410,1102,80,3,8,4,4,4,,80142,360,1102,3,9223,13852,0,0,0,0,0,0,804,802,,,,3062,30
10801411,1103,80,3,7,4,4,4,,80143,360,1103,11,2,4,0,0,0,0,0,0,804,802,,,,3062,30
10801412,1104,80,3,8,4,4,4,,80143,360,1104,16,2,126,0,0,0,0,0,0,804,802,,,,3062,30
10801413,1105,80,3,7,4,4,4,,80144,360,1105,9,126,276,0,0,0,0,0,0,804,802,,,,3062,30
10801414,1106,80,3,8,4,4,4,,80144,360,1106,10,126,276,0,0,0,0,0,0,804,802,,,,3062,30
10801501,1107,80,1,1,5,5,5,,,450,1107,4,4285,6433,6,4285,6433,0,0,0,805,803,,,,4604,46
10801502,1108,80,1,1,5,5,5,,,450,1108,4,4285,6433,6,4285,6433,0,0,0,805,803,,,,4604,46
10801503,1109,80,1,1,5,5,5,,,450,1109,4,4285,6433,6,4285,6433,0,0,0,805,803,,,,4604,46
10801504,1110,80,2,2,5,5,5,,80151,450,1110,1,129405,194108,0,0,0,0,0,0,805,803,,,,1522,15
10801505,1111,80,2,3,5,5,5,,80151,450,1111,5,2998,4495,0,0,0,0,0,0,805,803,,,,1522,15
10801506,1112,80,2,4,5,5,5,,80151,450,1112,27,4285,8607,29,4285,8607,30,4285,8607,805,803,,,,1522,15
10801507,1113,80,2,5,5,5,5,,80151,450,1113,7,2998,4495,0,0,0,0,0,0,805,803,,,,1522,15
10801508,1114,80,2,6,5,5,5,,80151,450,1114,13,2,397,0,0,0,0,0,0,805,803,,,,1522,15
10801509,1115,80,3,7,5,5,5,,80152,450,1115,2,12919,19387,0,0,0,0,0,0,805,803,,,,3062,30
10801510,1116,80,3,8,5,5,5,,80152,450,1116,3,12919,19387,0,0,0,0,0,0,805,803,,,,3062,30
10801511,1117,80,3,7,5,5,5,,80153,450,1117,11,2,52,0,0,0,0,0,0,805,803,,,,3062,30
10801512,1118,80,3,8,5,5,5,,80153,450,1118,16,2,181,0,0,0,0,0,0,805,803,,,,3062,30
10801513,1119,80,3,7,5,5,5,,80154,450,1119,9,181,397,0,0,0,0,0,0,805,803,,,,3062,30
10801514,1120,80,3,8,5,5,5,,80154,450,1120,10,181,397,0,0,0,0,0,0,805,803,,,,3062,30
